ts_utc,block,txid,exchange,direction,btcb2,usd_at_spot,counterparty,note
2026-09-07,969229,61e6ffc4a70b19b4284b25a9236df57ee3fcab875861695fa14b170c2d5d1a25,neoxa,withdrawal,0.73088093,204.65,1JXs37DcN3rLpCKZm8auGhYc572VPm5BEq,
2026-09-07,969231,4cf68daa76d5c4b7414b2c973d52c1646613ab619247ab5e546c1f5b94dd1428,neoxa,withdrawal,1.05155448,294.44,1Mojc7gzsiGorzY4y1M5RVSW777AG2s6nW,
2026-09-07,969231,93c85ae04629bb077d5694c2eec3dd43d3ee072f7a9d6eacf7c24d12b0093ee7,neoxa,withdrawal,1.84097857,515.47,19MLU13bFMDLNKGxDz1x9Aj8BbKoGYzbWY,
2026-09-07,969231,93c85ae04629bb077d5694c2eec3dd43d3ee072f7a9d6eacf7c24d12b0093ee7,neoxa,withdrawal,6.49897841,1819.71,bc1q4kzm92j3fwwllthqva9s6q67z98k76aew9607l,
2026-09-07,969231,cf83d8e3c4fb300dc454c5c29998d7bb7bec79cc2063e07fb491841fa5b2a6f5,neoxa,withdrawal,0.25233600,70.65,1MssiVzoznqEgSDbJ8e3TUNNa7wLS7T6AW,
2026-09-07,969231,c72397c0f525c59693bce630f3233d33ced2f746748ff2f3c0163fbc835f1c7e,neoxa,deposit,0.34685937,97.12,bc1qlrmjpgg0e5jrhmzyjmtgc6dfpdr66sps8vjl2q,
2026-09-07,969232,b2b4c488b2da03e52c67c57c8103a1afebd3bf39d68462f695dd773d0caa6b1f,neoxa,withdrawal,2.29570405,642.8,1H3cTzipjZvPGRemrbJxoVv7jhxABhFzx9,
2026-09-07,969232,b2b4c488b2da03e52c67c57c8103a1afebd3bf39d68462f695dd773d0caa6b1f,neoxa,withdrawal,1.98229019,555.04,bc1qd9lgkuz47ycktyljnpw8w50zlsr89lgg9q0x2g,
2026-09-07,969232,17bdeaa83f089331bfda1acb1d6e797f2681d245b09920878785339b99f05264,neoxa,withdrawal,0.54364563,152.22,bc1qahdruv4wrueeyaaqr2am9zcyt8kxmpnya3cqnu,
2026-09-07,969232,8f0f3edcc22744731261b8e548a673f0ea6a13c033d2900b7bc88eea7fa58638,neoxa,deposit,0.92116116,257.93,bc1qt7yxh22d4uwhm9eyvzrptly40538ke823q9clw,
2026-09-07,969233,01741d12e5da63a7725ff24f279614bbcc0e36b998ed0a8d25027f7bcc8867de,neoxa,withdrawal,0.35916043,100.56,bc1qe3h0eta0w5esmddmjgm2tu02xtzczwaafrx54s,
2026-09-07,969233,1fbd51c5943a0051cf140f7d5cb26f348fc62d39fb9fc70d6259e42ad161f0d4,neoxa,deposit,0.34406736,96.34,1DMbWY7vkYDbdnKKSGBPEjurD6HJDoXNgw,
2026-09-07,969234,d67ca17ae905343c9f5b9211f8f1d013107bbd09b6bda1adf1a383a088306a75,neoxa,withdrawal,0.57602613,161.29,bc1q9ul45twp2wvnqzhlpmlp3kxh7m7ry2qxgfyjca,
2026-09-07,969236,272ab985578cb60fd5fa7a5e4b30e3acbc55f31abe60327a48a51651f199e8a8,neoxa,withdrawal,0.57002690,159.61,bc1qmgtfuv95m07w9tfr2pennqj0mu77a7pwy3whydd62dpqwp2wjhdqs8a5vl,
2026-09-07,969238,1f9f56e281b4e7178d2a08787b2c0de56269994af802c0cf8b7e875dc63cb106,neoxa,withdrawal,11.00016150,3080.05,3KinGSVTmooCzx9rddhyKWyJYuCBYTjX4t,
2026-09-07,969238,4c723c34c88c54be21b40d022f596d9d48a5bcb170c462766d1cf964b0b6457a,neoxa,deposit,0.34299680,96.04,17DrkcWnmZAoJ1E3ttJmF6QGRZzPHqwRz3,
2026-09-07,969239,0b55061dedc1739cf35e0316fa09b18ce8d70579e5027b9f793f53690c3c6275,neoxa,withdrawal,12.05443936,3375.24,1PUwanPtkmpgiWh192kDav4TVkkrcbrvwT,
2026-09-07,969239,0b55061dedc1739cf35e0316fa09b18ce8d70579e5027b9f793f53690c3c6275,neoxa,withdrawal,10.24509981,2868.63,1HXGRsR6R1NvCJbV5mVA28Pz4s9UwfY2Nh,
2026-09-07,969239,398ef9f9417ece3fc7709e9fa545a95173136a398332242902f58999374fc313,neoxa,withdrawal,40.00000000,11200.0,bc1qp640m0lxg0564v0vmpl0g9w570nujxln3u626y,
2026-09-07,969239,63cd99eb886a64def2370f20a2956b5ba05c4665edd8267e3ac26938c8995efd,neoxa,deposit,0.33760925,94.53,bc1qlrmjpgg0e5jrhmzyjmtgc6dfpdr66sps8vjl2q,
2026-09-07,969239,e232e0444557fbb475ae4026b0aa0e38205dd5d70959b4b24e2fe3aed3f2e629,neoxa,deposit,0.40381566,113.07,bc1qqme26fvym0sl2568g3wn8dytt280jyhs7ln7m3,
2026-09-07,969239,0ef96cfe7447788b45a6d3baa77c6ab4111639a416d1007d4e6f56bef3c0ca3c,neoxa,deposit,0.41319529,115.69,bc1qqme26fvym0sl2568g3wn8dytt280jyhs7ln7m3,
2026-09-07,969239,affaf90abe08e6fa03887941de6454d1c0295ea7a613c6e2ee9b163adbdd0959,neoxa,deposit,0.40030257,112.08,bc1qqme26fvym0sl2568g3wn8dytt280jyhs7ln7m3,
2026-09-07,969239,8924ad79bb5fe3614ecc538627a7b31893a36bd7ea0c6637f0167d869b8807cc,neoxa,deposit,2.00341606,560.96,bc1qqme26fvym0sl2568g3wn8dytt280jyhs7ln7m3,
2026-09-07,969240,49298efd158c3663048be81296ef29c9f46a8483a4b5787107b9ff3024bf0c6a,neoxa,withdrawal,0.27227869,76.24,1HcPxm632gXvoX4vZPgecS4paw488os21y,
2026-09-07,969240,49298efd158c3663048be81296ef29c9f46a8483a4b5787107b9ff3024bf0c6a,neoxa,withdrawal,1.29339351,362.15,bc1qpr2r25g5gz9fj6sy3fe2rkam7hsm69vr97hzuz,
2026-09-07,969241,0172f2ac20428e188ac06367993b301ba32e1b1f22c7d4eb9e3f5234b0c1eafd,neoxa,withdrawal,14.95595562,4187.67,16rZnzJBryGNsa46AKXRAdMyEPvTKiXSmH,
2026-09-07,969241,0172f2ac20428e188ac06367993b301ba32e1b1f22c7d4eb9e3f5234b0c1eafd,neoxa,withdrawal,39.00000000,10920.0,bc1q22jugu0n70vgarnwd4832x7at0y7kysuqplc66,
2026-09-07,969241,40400aa2d4da9305c00c0e9431fd2a9ac204cdfd30ddb1dd3ff44f6b2975621f,neoxa,withdrawal,1.00000000,280.0,bc1qvp5tjmzvu5jdlqrfvee6q9azqnsu9dmtume70m,
2026-09-07,969241,40400aa2d4da9305c00c0e9431fd2a9ac204cdfd30ddb1dd3ff44f6b2975621f,neoxa,withdrawal,0.59820522,167.5,1DVNr2th8RLSngXPwD22x4ELGEqKRBFDqr,
2026-09-07,969241,f3a6fb1f85dac5258d3e778ea072f300cc028d60e154ee39bd23ebc47c6483d3,neoxa,withdrawal,0.27516900,77.05,bc1qjv5r5fw4wdhe4w4gthcncx50lmgfzjy7td4efy,
2026-09-07,969241,8bc91ddbbe5a7616e3cf8c0420b9d913877c78ee244591fab705d79cd0f5e5fc,neoxa,withdrawal,0.88552439,247.95,bc1qaalnqulm6xtgfglqfq0jdxcatn492m9y7jcd2z,
2026-09-07,969241,e1accd6604e4cd13d263f5b6b76b0642bea7b066e46dec06fc14bd2133822817,neoxa,deposit,0.33605806,94.1,bc1qlrmjpgg0e5jrhmzyjmtgc6dfpdr66sps8vjl2q,
2026-09-07,969245,d72a168dd4afb0e68dd0f58b63044d34e228628b7dfe5d6fc5979c028179363a,neoxa,deposit,1.00564200,281.58,1CHvCtUp2ShZKDgRSAAb8QrD6FND1FGtcn,
2026-09-07,969245,66f0ddcd6cdcf6b013b208310180e790daa670c86aa0ece258256454ee8115f2,neoxa,deposit,0.33096062,92.67,1EJQQo45kp5MJXWhR2WJuyzx9W2zuMdScu,
2026-09-07,969247,ffdf73e1ce1c82464e88af1d78f55b4faec5bd30fbf8e2f4e9217626d7cb3cb8,neoxa,withdrawal,3.71664979,1040.66,1Atdf25PRnbWVg3ALAErz4PvU9EfPapaDx,
2026-09-07,969247,ffdf73e1ce1c82464e88af1d78f55b4faec5bd30fbf8e2f4e9217626d7cb3cb8,neoxa,withdrawal,10.00217208,2800.61,bc1q8zc4qymc8slj2dtcpucfj57j90wgegan9dzmk4,
2026-09-07,969247,a826be535e5dedb730baa5b63c2219adb2c06d4fe87e61a1d4bda4e7892faf69,neoxa,withdrawal,0.59990000,167.97,bc1qepgjmfgmfk0f6q0z52walru5f2nr4h6qqpg8rt,
2026-09-07,969247,a826be535e5dedb730baa5b63c2219adb2c06d4fe87e61a1d4bda4e7892faf69,neoxa,withdrawal,0.29784668,83.4,16XgMGSaryGHmBHbLVbAwhA6naEQK4Ded7,
2026-09-07,969247,e9cd1e3d49a80fa6bbf5da8735068f7a67ad0a875f7042cbfbad9022d9bdf4c1,neoxa,deposit,0.26757924,74.92,1CJS7dn24DhRMLDvT6xXgSg4KAgGN3Hgzu,
2026-09-07,969247,e9cd1e3d49a80fa6bbf5da8735068f7a67ad0a875f7042cbfbad9022d9bdf4c1,neoxa,deposit,0.66702426,186.77,1CJS7dn24DhRMLDvT6xXgSg4KAgGN3Hgzu,
2026-09-07,969248,9f0f6a56fd2749531255acae06021fc870e530ce5d0a74e19ad97931362acb14,neoxa,deposit,9.19457590,2574.48,bc1ql3nzkzu2vj6as09tmt6rk6w3k0fatlc3fe3upr,
2026-09-07,969248,6ca69c58b8b0722de1253d8e89db4278f7fe15263cb13802fdc70ee9826c9028,neoxa,deposit,0.80459804,225.29,bc1qqme26fvym0sl2568g3wn8dytt280jyhs7ln7m3,
2026-09-07,969248,0c7c8abfa25be788ab9fd904498b0514b0d58d5c4ebcc57fb2859a20fb8cc2ca,neoxa,deposit,0.79294337,222.02,bc1qqme26fvym0sl2568g3wn8dytt280jyhs7ln7m3,
2026-09-07,969248,b9d15646a69a855b9ac4f98985d66f520a0b759a6234f7514aa6773c1769a4fd,neoxa,deposit,0.40207125,112.58,bc1qqme26fvym0sl2568g3wn8dytt280jyhs7ln7m3,
2026-09-07,969248,1b776d90c489dbc843ed0c0ccd1033e068dbec836c481b78a66f0e67907936fe,neoxa,deposit,0.40262080,112.73,bc1qqme26fvym0sl2568g3wn8dytt280jyhs7ln7m3,
2026-09-07,969249,2703dc0f4de4296902c62c64f706e120fc73318be6208e6bc0dfebe22d8388a0,neoxa,withdrawal,19.87898751,5566.12,1ctn4m8raLZpUvcC4h5K26ciW1CmjDmei,
2026-09-07,969249,2703dc0f4de4296902c62c64f706e120fc73318be6208e6bc0dfebe22d8388a0,neoxa,withdrawal,0.37990000,106.37,bc1q8sljw7ug26u8dc6s6gqhwfaj7747tn5k4906fq,
2026-09-07,969250,262ec619876e5eced663c97fa08ea99943a146df8e107b872875d5c962b1a051,neoxa,withdrawal,1.00888752,299.64,1Ha5PT4aGqYqpqND2xUN6nFCs4xpsuCRri,
2026-09-07,969250,262ec619876e5eced663c97fa08ea99943a146df8e107b872875d5c962b1a051,neoxa,withdrawal,6.12226061,1818.31,1AHXh8GW1dSz7S2tur7HvS884xDj45cigf,
2026-09-07,969250,78e60b2aa14b474ff3b784d115f3ca0185722b4785392b794b98e0368e1ed0e8,neoxa,withdrawal,0.29530297,87.7,bc1qpucrn8585uyz0j8nr0htta9enq2sff65vf08el,
2026-09-07,969250,78e60b2aa14b474ff3b784d115f3ca0185722b4785392b794b98e0368e1ed0e8,neoxa,withdrawal,3.02728548,899.1,1DJfLudDbxBc6zAAZdiodpLP6hqPkB13Ef,
2026-09-07,969250,3283339073b52172ee2d61ee03f68d129df678db62e70c6a105c47cd1b267264,neoxa,withdrawal,0.88756711,263.61,bc1q96uvl4qhv0fyegjqq5hhva83dhvz54f7hasmkx,
2026-09-07,969250,bbfe6632d101900c4f4c783b7d41c11bc3376980bef15702f7f9c40528dddabf,neoxa,withdrawal,0.46601222,138.41,bc1q9ul45twp2wvnqzhlpmlp3kxh7m7ry2qxgfyjca,
2026-09-07,969252,6019ff259b0cb931a3c84871020036a58f7fe125ae1fa83f4a7053d844f5f344,neoxa,deposit,0.34834247,103.46,1KJYiKjPp7Pyni798uDUPMDoEzEUkdTU1p,
2026-09-07,969253,bc4c049e9a82d73b106894dbbb5de69e228c6718df62f239be90898ab0cd53e4,neoxa,withdrawal,0.40814448,121.22,1Egvo1BctmYPPrUy3oCfijKF87Uoo5t5Ne,
2026-09-07,969253,bc4c049e9a82d73b106894dbbb5de69e228c6718df62f239be90898ab0cd53e4,neoxa,withdrawal,1.00000000,297.0,bc1qjfjfafj9zkxh7v6nwwdjyt4zs67mwrh85qxc5r,
2026-09-07,969254,72988fef710fa4d055fce997b4790c274f2263a29e0201a7f768272116c5a859,neoxa,withdrawal,6.15172168,1827.06,15iaaBvYhCbA98SotP6GjJerytd8LGH2pJ,
2026-09-07,969254,72988fef710fa4d055fce997b4790c274f2263a29e0201a7f768272116c5a859,neoxa,withdrawal,0.68919641,204.69,bc1q0kh6jv5mcg9es88erup39j5mfmycyjr03qfc83,
2026-09-07,969254,36da6c561104f84c343a3568a1900ac2f32750fd35124015ce1b735e9422bc7e,neoxa,withdrawal,1.00554200,298.65,bc1qaalnqulm6xtgfglqfq0jdxcatn492m9y7jcd2z,
2026-09-07,969254,41584fc26340a6570b42bee2e305b42c0ad53121905425396d0282a32cc457e8,neoxa,withdrawal,1.38878940,412.47,1KHSn5yNsjzcX3gQjW8u1meHHFNzgMFHjc,
2026-09-07,969254,41584fc26340a6570b42bee2e305b42c0ad53121905425396d0282a32cc457e8,neoxa,withdrawal,0.38544738,114.48,15hmuAtejEFaXz9Nb7yp7yce8Y6SyCrYkb,
2026-09-07,969256,8476affca34e4bfae4ae67183e93142cf23e1d582096de9c617910e5a8093725,neoxa,withdrawal,25.43692295,7554.77,bc1q0xe4s4j90lppkfv9y3wky2eah6hlvwpnrjrw5x,
2026-09-07,969256,15d44d4776040b42e9857da954f13a8e70811a34e63186d1926e27cb22e37932,neoxa,withdrawal,1.55106857,460.67,bc1q7uhjmm6nd03jwws2qhfeg0qmndj0mtyxertutu,
2026-09-07,969256,15d44d4776040b42e9857da954f13a8e70811a34e63186d1926e27cb22e37932,neoxa,withdrawal,4.29095751,1274.41,1AJLdyCtpeQsjcjFx5uARGqdttidY4JnNe,
2026-09-07,969256,5e2575ff6cb6093a8c127d59bada2b7ec948d35dde290930172d007565839744,neoxa,deposit,0.68421411,203.21,12RWrBH2NDKnq9WK1fy5ta1Bf3gkbBE2Cc,
2026-09-07,969258,09a6e7de4a9eac4473ab28c097469bf7a4a7440fe003440383a6d0ec8bf83df2,neoxa,withdrawal,18.46636059,5484.51,16DGmBB57m4BUUHPDUWRtKWgj2SAfJa321,
2026-09-07,969258,09a6e7de4a9eac4473ab28c097469bf7a4a7440fe003440383a6d0ec8bf83df2,neoxa,withdrawal,1.61371085,479.27,bc1qkqr3tk05at9fn07awgweyuuppg5sw7vyxrxlts,
2026-09-07,969258,d86e789b8d55262ba99ad82c700eca33e8fb9eaa7c18394099a943504c7d0e2c,neoxa,withdrawal,10.00000000,2970.0,1FqczhMtWcBmW7G4PRQpBZS5xXTiw1k9Hk,
2026-09-07,969263,254463f5f93284ebbc264639d115c905ab003664bcdabd017925cbea174f1d10,neoxa,deposit,0.67981351,201.9,1GVBnozNovsdypgbGMuiQL3dwDZFHgKLWG,
2026-09-07,969264,a97ee77754c22e516b3dce00b61e828adf094b48b7b80a6292e6dfdf50a6c743,neoxa,deposit,0.79564805,236.31,bc1qqme26fvym0sl2568g3wn8dytt280jyhs7ln7m3,
2026-09-07,969264,23769da65e30df3f1a58440091699df3754b32732838a8461405fb645c3eedce,neoxa,deposit,0.40569951,120.49,bc1qqme26fvym0sl2568g3wn8dytt280jyhs7ln7m3,
2026-09-07,969264,59e361400af0720f4151517752da0bfb30e8c2479b5d58194e681413c2a0bdd5,neoxa,deposit,0.78363632,232.74,bc1qqme26fvym0sl2568g3wn8dytt280jyhs7ln7m3,
2026-09-07,969265,2017c64b66f157693c512b6feb15f576cc301794a6cb86e4c2f092fe5d79168a,neoxa,withdrawal,1.30139859,386.52,bc1qmd0u09q6dv8s3cuk0yeark7u7swuf8e870che5,
2026-09-07,969266,90668edffaaa15ba2a0ed2a3f0f0b347e37ae4a92cb579d21df0f46a4915d5d7,neoxa,withdrawal,0.49188001,146.09,bc1qvx8ywxfnl0v0y9azvxf4qh900w3yq9yydh0m03gyc8y2snycx6vsttn4zw,
2026-09-07,969266,97b53b9e51416aa2632ce45e779789dc2e3b0fdb0d4ee5254cba1d87472454d0,neoxa,deposit,0.33438771,99.31,1PsTwu4PfCtr9RHy2y3G6MWxUhCVvavkwA,
2026-09-07,969266,a3c86269d456d33749645aca074adefcde7d5204aa3d781853323f32715e8cd3,neoxa,deposit,0.39025687,115.91,bc1qqme26fvym0sl2568g3wn8dytt280jyhs7ln7m3,
2026-09-07,969267,c4d2b8055f29d462f521d34b979a554be4a446083f02d68b1f784d672402ca6b,neoxa,withdrawal,0.43762358,129.97,12KaMvc5dKUYMqrFd6oAVTPfDJDw8x7QMv,
2026-09-07,969267,c4d2b8055f29d462f521d34b979a554be4a446083f02d68b1f784d672402ca6b,neoxa,withdrawal,1.13173974,336.13,bc1qlxx0285rlmzmga82mx7faxw0vh870dwn0lvvgw,
2026-09-07,969273,dee34414663d71bdfbb4a09a0b2c9cbaf28554d014f3672a935c7f4903a51b07,neoxa,withdrawal,0.61967954,184.04,bc1qthjxdksatqnchj9kjj9aan3w5mpna8p0r8vcze,
2026-09-07,969274,b38dcade0a40592f464e13a8291cab9f358f00bff3b576bf35359d09e4c25961,neoxa,deposit,0.99999853,295.0,bc1qd87ss7078ntj9wagtejtz7t4d4uk733lcjrp7g,
2026-09-07,969274,6d2209079d9b6f7b96790e31f9a7f248ab4cc30688cc260f65051b97921feefd,neoxa,deposit,0.60300000,177.88,12kCfDVk7SSShLbdJYSP1jJFHcUBjmKRh3,
2026-09-07,969274,2f37e7afe907f8165cd2c83f08a88e2e04f226004c4e7106871fd30c35d57efa,neoxa,deposit,0.56547441,166.81,18SMggNR5XxFjCmjFUdDWajXeZ6ep6K86f,
2026-09-07,969274,2f37e7afe907f8165cd2c83f08a88e2e04f226004c4e7106871fd30c35d57efa,neoxa,deposit,0.30774618,90.79,18SMggNR5XxFjCmjFUdDWajXeZ6ep6K86f,
2026-09-07,969274,2f37e7afe907f8165cd2c83f08a88e2e04f226004c4e7106871fd30c35d57efa,neoxa,deposit,0.25209003,74.37,18SMggNR5XxFjCmjFUdDWajXeZ6ep6K86f,
2026-09-07,969274,2f37e7afe907f8165cd2c83f08a88e2e04f226004c4e7106871fd30c35d57efa,neoxa,deposit,0.52455366,154.74,18SMggNR5XxFjCmjFUdDWajXeZ6ep6K86f,
2026-09-07,969274,2f37e7afe907f8165cd2c83f08a88e2e04f226004c4e7106871fd30c35d57efa,neoxa,deposit,0.50488037,148.94,18SMggNR5XxFjCmjFUdDWajXeZ6ep6K86f,
2026-09-07,969274,2f37e7afe907f8165cd2c83f08a88e2e04f226004c4e7106871fd30c35d57efa,neoxa,deposit,0.28059497,82.78,18SMggNR5XxFjCmjFUdDWajXeZ6ep6K86f,
2026-09-07,969274,2f37e7afe907f8165cd2c83f08a88e2e04f226004c4e7106871fd30c35d57efa,neoxa,deposit,1.67124257,493.02,18SMggNR5XxFjCmjFUdDWajXeZ6ep6K86f,
2026-09-07,969275,c0bb888af780665694f123af90e9dd7fb81d7be92be343c07933cf165273c2fa,neoxa,deposit,1.99805157,589.43,bc1qqme26fvym0sl2568g3wn8dytt280jyhs7ln7m3,
2026-09-07,969276,11d43b133f19271cd1c3bad7f6880c483fc09f8aa351eeec7baaf087a671b125,neoxa,deposit,5.19398245,1532.22,14f1DHr4RLchVdsgUAV56sTDvyNGTMg7S2,
2026-09-07,969277,2937ca638d8abe2fbdcdc9a3e28b627a2536d6dae853f18694d13e0b6423b7bf,neoxa,deposit,0.33578929,99.06,bc1qlrmjpgg0e5jrhmzyjmtgc6dfpdr66sps8vjl2q,
2026-09-07,969279,be8dad44491aee5c145e22dd479e70d991249c9e7db5ea444f0856b3a71c2277,neoxa,withdrawal,2.29055472,675.71,bc1qcvumc6nymemxsfwqzxynmm8ywrn06t4ep9lmy5skvur9qly9xt4q6yn8fp,
2026-09-07,969280,cd24ddc6171e00a61080f1ec92ad40b5c3a83f0b2a9796c1d1035d6810e0da12,neoxa,withdrawal,5.05426899,1491.01,1PpiYaquJQbBaTwB4Fwxb9Msim7cg5ASVC,
2026-09-07,969280,cd24ddc6171e00a61080f1ec92ad40b5c3a83f0b2a9796c1d1035d6810e0da12,neoxa,withdrawal,1.38592961,408.85,bc1qe8rsn65k5nucxqerkp6mwfneh5pvmux329ffcy,
2026-09-07,969281,c1cb6f0a771161a77dc48f446ee2b1f35fa0393a5de4da8c773dbadb40a66c8f,neoxa,deposit,0.29704359,87.63,19P1wbcNGYeJHRcnVsomj37ccM45cPyggD,
2026-09-07,969281,c1cb6f0a771161a77dc48f446ee2b1f35fa0393a5de4da8c773dbadb40a66c8f,neoxa,deposit,0.29896727,88.2,19P1wbcNGYeJHRcnVsomj37ccM45cPyggD,
2026-09-07,969281,c1cb6f0a771161a77dc48f446ee2b1f35fa0393a5de4da8c773dbadb40a66c8f,neoxa,deposit,0.31116554,91.79,19P1wbcNGYeJHRcnVsomj37ccM45cPyggD,
2026-09-07,969281,c1cb6f0a771161a77dc48f446ee2b1f35fa0393a5de4da8c773dbadb40a66c8f,neoxa,deposit,1.02085206,301.15,19P1wbcNGYeJHRcnVsomj37ccM45cPyggD,
2026-09-07,969282,3761ec56951313dd18a3f10d2dcc12f1236fae2250266661ba6d8dc40975dd53,neoxa,deposit,1.64310000,484.71,1EncKs9FWy8i6DPo5nPopnD3H9eqho43fU,
2026-09-07,969282,7bfd4f144ff9c12cb29f585031dc1241af58a6ba5050b8ff3ba78dd7eff45433,neoxa,withdrawal,1.22990000,362.82,bc1qs7j9k7j2x47pcr4yewz0558y72f58gvya2nqqg,
2026-09-07,969283,e127b3d45403e6ac7c76df6956b82be0e1a632acec96cb699faa0675311dfb8d,neoxa,deposit,0.40552622,119.63,bc1qqme26fvym0sl2568g3wn8dytt280jyhs7ln7m3,
2026-09-07,969283,ea746f2ffaa6ec5ab17572d343a1f655f73c294db7624e6f25111e7bdf7e9fc8,neoxa,deposit,1.23727247,365.0,bc1qqme26fvym0sl2568g3wn8dytt280jyhs7ln7m3,
2026-09-07,969284,7ad679f66ccd4048050fc73f518bb66ba2c5997e669cb69f176368bdd6d711ad,neoxa,deposit,0.34216102,100.94,1TABQDrchZ1BsHNu79oAP2HHMhM6waezm,
2026-09-07,969285,c55af77d6e35fbd06a5a0f9d7dca437b88ccf592eddd47dba535dc3bbe29d013,neoxa,withdrawal,3.50301042,1033.39,bc1q53e4efue2tasw0gpzpdr3sz4r9fzm58gc7dx5d,
2026-09-07,969285,b093268adfddf3bceef4540805d489f0572604ccc6aca9e71ddb86b3decebc86,neoxa,withdrawal,0.57127041,168.52,bc1q3tfen5fn8qyep3vn702qgacpltyu0mv6e4nl7e,
2026-09-07,969285,414cc0c20fddd9b6abbde15bb8fcfbf49d7997c83f1a8a14dfc87b14cb836eb3,neoxa,deposit,0.59399479,175.23,1EncKs9FWy8i6DPo5nPopnD3H9eqho43fU,
2026-09-07,969286,db882e4c97dd28fd8e50327ad7b9b729a6558304a7a98e605cadbe448940c523,neoxa,withdrawal,57.65818389,17009.16,14erDKD6ESzCjgUD2TkH9p469bBcXya9ii,
2026-09-07,969286,db882e4c97dd28fd8e50327ad7b9b729a6558304a7a98e605cadbe448940c523,neoxa,withdrawal,0.89377262,263.66,bc1qzy525xer655hl60w2gy0pzj5z8zud2mgthvxkn,
2026-09-07,969287,1eb54c68c67ef56728c1e2e3186b78b85ed7d58e2923cd3e80927494592fb2f9,neoxa,withdrawal,0.99307454,292.96,bc1q0zs2zumjeawu9a7cpsmua5lmz7ztfk56mhs9xr,
2026-09-07,969289,49d2bb168bd86ee62fd4ae4df44374542470ebbc66199b5765cc168b74f2597b,neoxa,withdrawal,0.32663890,96.36,157vMJA49ec759FhMRLiqBEGxwrqzma2gd,
2026-09-07,969289,49d2bb168bd86ee62fd4ae4df44374542470ebbc66199b5765cc168b74f2597b,neoxa,withdrawal,21.89468940,6458.93,bc1qxy330p8za7pfmgkkp8qq9xv49nkdn724yqsyrz,
2026-09-07,969289,07d3924d1c710ad03a29c89707e08003df4fad000468332cf2f74217eacfc5d1,neoxa,withdrawal,2.05884441,607.36,bc1qpmmmmj0rlkv5y9qthh2dv2utkdf92mq3f48t6p,
2026-09-07,969290,cfa8bdabd31a455bb0eea48da6bc0c1e1ce06a87dbe352c9eab2f69836dd891b,neoxa,deposit,0.41115229,121.29,bc1qqme26fvym0sl2568g3wn8dytt280jyhs7ln7m3,
2026-09-07,969291,9fe7184268d39c7adf2cbe5b72a6887494ffaab054c81ed258bb9be7021e29f0,neoxa,withdrawal,16.08629835,4745.46,1KdFyKUDfviZTiLcpKYP826dNMqZRJgxKv,
2026-09-07,969291,9fe7184268d39c7adf2cbe5b72a6887494ffaab054c81ed258bb9be7021e29f0,neoxa,withdrawal,3.00000000,885.0,bc1qehu8rkhvx26glp7c80cgj879cjcyg7qpcujcdp,
2026-09-07,969291,d238f750543ee4b8d211da1e19045a9a28fda8d2d1cae1773e5b147319614b24,neoxa,deposit,0.38929405,114.84,19id7ezn8ipDumxmYUe41ndZE846yZnNAA,
2026-09-07,969291,d238f750543ee4b8d211da1e19045a9a28fda8d2d1cae1773e5b147319614b24,neoxa,deposit,0.38658267,114.04,19id7ezn8ipDumxmYUe41ndZE846yZnNAA,
2026-09-07,969291,d238f750543ee4b8d211da1e19045a9a28fda8d2d1cae1773e5b147319614b24,neoxa,deposit,0.39370902,116.14,19id7ezn8ipDumxmYUe41ndZE846yZnNAA,
2026-09-07,969291,d238f750543ee4b8d211da1e19045a9a28fda8d2d1cae1773e5b147319614b24,neoxa,deposit,1.35535689,399.83,19id7ezn8ipDumxmYUe41ndZE846yZnNAA,
2026-09-07,969292,bd13eac3cbab5dc93362e0eeff2f3a907a3df71e13c3f5cc614d8d4257de47e0,neoxa,withdrawal,3.00000000,966.0,bc1qehu8rkhvx26glp7c80cgj879cjcyg7qpcujcdp,
2026-09-07,969293,284f0d059cf5319da14232e8bd2404a5526369c9750832cf4327e2edae748c4f,neoxa,withdrawal,82.19192051,26465.8,1DAkpy4WaXaqgPnSrCVcbNiiJKedAQUJCF,
2026-09-07,969293,284f0d059cf5319da14232e8bd2404a5526369c9750832cf4327e2edae748c4f,neoxa,withdrawal,3.64853254,1174.83,bc1q33fhz9f67ces29fjgmsawul2ydd54q67fyemwh,
2026-09-07,969293,ef178f81f287bd0653ae0fff502feeda2ebbc9750580513046ed99ee079e836e,neoxa,withdrawal,3.00000000,966.0,bc1qehu8rkhvx26glp7c80cgj879cjcyg7qpcujcdp,
2026-09-07,969293,9461896235c432251c8dad79af2d96bc2bf97984819507098562527d00334336,neoxa,deposit,0.33695864,108.5,bc1qlrmjpgg0e5jrhmzyjmtgc6dfpdr66sps8vjl2q,
2026-09-07,969293,23c5313999d6dc20ba52563782ff9e2a22998f9584a1ba6d17154cbcac8e8837,neoxa,deposit,0.40231267,129.54,bc1qqme26fvym0sl2568g3wn8dytt280jyhs7ln7m3,
2026-09-07,969293,bf41bbab9938320187faad2a6bb43cdeb27da16add629775c5f39f36c2f7ad3d,neoxa,deposit,1.62074404,521.88,bc1qqme26fvym0sl2568g3wn8dytt280jyhs7ln7m3,
2026-09-07,969294,748fb2415c5f8a71d8730387a8a8f78e8acb82c092893464e22a74aac984d117,neoxa,deposit,0.43160000,138.98,16Pn15zhfLCKBg2xsd811jzcHmi6uS31kZ,
2026-09-07,969295,665834c28fb0b2db6ff989d9c5c62a98d4fc50479c939e6de2e68eece8709a75,neoxa,withdrawal,1.30629690,420.63,1FfppAsuBfkf8rvexVcdBjqj6sk4oUjKuD,
2026-09-07,969295,665834c28fb0b2db6ff989d9c5c62a98d4fc50479c939e6de2e68eece8709a75,neoxa,withdrawal,0.66129628,212.94,bc1qkfa3zx8v0cp342d6v96kkxve6v0r0e6rgc0w5v,
2026-09-07,969295,ced8fd31919a96168be6fd75a54a6376ca5a15b22e585b270d193990dbc597d0,neoxa,withdrawal,0.49968016,160.9,bc1qgvwldjtqrx27je6dym6xdvxrqwqlqgxwumjgxs,
2026-09-07,969297,e99f094083bdbbf85e4109dabc8aff4fc751e631f2497276f87b69d6ec251540,neoxa,deposit,7.03542724,2265.41,bc1pqpen78ljt5r7lhzxyzfj6zr2ml82u88l876wa9mttrs4put33das5t0qwf,
2026-09-07,969299,52e8d0c8b10402b620f9f5e8280d3f69d9c4b8a649a51d7311bcd6c363bb0eec,neoxa,withdrawal,0.46164994,148.65,19MFXti5sgCZk3KfDRjV91WbGTLUUAokii,
2026-09-07,969299,52e8d0c8b10402b620f9f5e8280d3f69d9c4b8a649a51d7311bcd6c363bb0eec,neoxa,withdrawal,0.96538848,310.86,bc1qzgs93q0zl6pp3j5qesaade9x0edyvkmlryrhnx,
2026-09-07,969299,a6dfc7a979f88f270c565385639fea06cd5254d74a131c62ccb6348c49b76751,neoxa,deposit,0.40640811,130.86,19wvMuku3kNoXoWEccjxGcUXMDTknUCKr9,
2026-09-07,969299,a6dfc7a979f88f270c565385639fea06cd5254d74a131c62ccb6348c49b76751,neoxa,deposit,0.25024520,80.58,19wvMuku3kNoXoWEccjxGcUXMDTknUCKr9,
2026-09-07,969299,a6dfc7a979f88f270c565385639fea06cd5254d74a131c62ccb6348c49b76751,neoxa,deposit,0.37077737,119.39,19wvMuku3kNoXoWEccjxGcUXMDTknUCKr9,
2026-09-07,969299,a6dfc7a979f88f270c565385639fea06cd5254d74a131c62ccb6348c49b76751,neoxa,deposit,0.39958798,128.67,19wvMuku3kNoXoWEccjxGcUXMDTknUCKr9,
2026-09-07,969299,a6dfc7a979f88f270c565385639fea06cd5254d74a131c62ccb6348c49b76751,neoxa,deposit,1.33560321,430.06,19wvMuku3kNoXoWEccjxGcUXMDTknUCKr9,
2026-09-07,969300,163db0f18d76ccb4f15e2a603a15c319356bf46b016ee98ebfc7ef1b1fe149fe,neoxa,withdrawal,4.62165486,1488.17,bc1qehu8rkhvx26glp7c80cgj879cjcyg7qpcujcdp,
2026-09-07,969301,1befb4b3e3b8285e947ede92e2f6113e00bc1e990bef90fde46e8d9311d120bb,neoxa,deposit,0.35041443,112.83,bc1qlrmjpgg0e5jrhmzyjmtgc6dfpdr66sps8vjl2q,
2026-09-07,969302,1279974fe3b4c7e476a319a37a0350a978aab0ff88cc71e1d1aa02af6e78418f,neoxa,deposit,21.10118358,6794.58,bc1p00s83g92nldgf4rlwwjfenyefatdrxv3xn5jt065pmq3prlxjpaqlwqllg,
2026-09-07,969303,a7efbc4a4541fbe983bcafcb25869a490b6aea0564afdf25db39894ca43a84b1,neoxa,withdrawal,0.59477395,191.52,bc1qgjw9prf69alacr8cpkghucylee4mfsxmkltrkv,
2026-09-07,969304,2a5086b96fdef9cd4f54a7ac1b23eced135c4a86600098f3be150ff8214a137c,neoxa,deposit,1.61430862,519.81,bc1qqme26fvym0sl2568g3wn8dytt280jyhs7ln7m3,
2026-09-07,969307,b19a933ea1577618daca2bd5642b69b3836aee30dca8aa1af23554f5bc4d8599,neoxa,withdrawal,120.10144642,42035.51,1F5z6WUZ14SXBzozNokYLngJ1Sd1xaFJBa,
2026-09-07,969307,b19a933ea1577618daca2bd5642b69b3836aee30dca8aa1af23554f5bc4d8599,neoxa,withdrawal,0.38851338,135.98,bc1qtr6fpewtvpddlvusac0ftrry808fyzjz2jj0sl,
2026-09-07,969307,6086354b4bf364ea718d8fc184c895dad7a72c873992cb05a9ed0ed6f115e883,neoxa,deposit,0.69777486,244.22,12ooDzWxPeMUvkaS6icAYxfLSKKCsAMd1j,
2026-09-07,969309,0afb9388c68a9297d9f8dd0c91410b533af1eabd6dd81b023a5506f2f08c941c,neoxa,withdrawal,19.36856696,6779.0,1N2vtuV87xbULir9Akqoxz1VP2DEStHuKq,
2026-09-07,969309,0afb9388c68a9297d9f8dd0c91410b533af1eabd6dd81b023a5506f2f08c941c,neoxa,withdrawal,2.67439485,936.04,bc1qk2r5vt77q6th2kqrlfjpfjk9h2xurfwmjqe002,
2026-09-07,969309,c999954da186262cb808717a2b0c58f75842b9181e4962a58fd2e7a4bd053ba8,neoxa,deposit,0.37290000,130.52,1EncKs9FWy8i6DPo5nPopnD3H9eqho43fU,
2026-09-07,969311,53297fa6cb1b852e858cc9e726111cb57db30781f0253c55a2baf0963b62be43,neoxa,withdrawal,17.54647914,6141.27,1Q5HrSB24Sq3aAkE86ajtUGaqpTjsBqM6Z,
2026-09-07,969311,53297fa6cb1b852e858cc9e726111cb57db30781f0253c55a2baf0963b62be43,neoxa,withdrawal,13.90899850,4868.15,bc1qg5wlyapvgrhwusx57aexj8q7qgagez5aqswzw2,
2026-09-07,969311,c758a03d69f8fdb26b1c71a25492511df08300f33061c23bb0a474e7ed4a36f5,neoxa,withdrawal,0.77161600,270.07,1PKtCK6zjSgyDa5RprXm1Ht98P8zsc5vzA,
2026-09-07,969311,c758a03d69f8fdb26b1c71a25492511df08300f33061c23bb0a474e7ed4a36f5,neoxa,withdrawal,14.23007384,4980.53,3FYcKi5PBwqPdekRGB3koPGB8sGL5w2Jii,
2026-09-07,969311,2bdff450b7c1354098d15abdbf28ec5512e6d5e6b79108195bcc652fb921b06c,neoxa,deposit,0.50450000,176.57,1EncKs9FWy8i6DPo5nPopnD3H9eqho43fU,
2026-09-07,969312,1a9eba0296ba73bf4752758edb712a53273e16c54b09a2a0ff827c619d3920d1,neoxa,deposit,0.54700000,191.45,1EncKs9FWy8i6DPo5nPopnD3H9eqho43fU,
2026-09-07,969313,2016a92f19625d07197453675a6310900c4dea0e90b8264a907ce5358de7fbad,neoxa,deposit,4.62645360,1619.26,15HZvN4dhDBpcamnYYhV9ny9Y1KvGhHWA7,
2026-09-07,969313,0d0253f8246d9256e7c40b9926f94b818576fa320d74b68167220014546dd036,neoxa,withdrawal,27.10970649,9488.4,1HJin1G3nawnvHmp1b4EUsu5KCAqcWEUGf,
2026-09-07,969313,7384c2a35c85953b503a3df1a9478fa4f9aa61257d58a53750c5cae7e131c5e8,neoxa,deposit,3.09778425,1084.22,bc1qd87ss7078ntj9wagtejtz7t4d4uk733lcjrp7g,
2026-09-07,969313,33299831f731ecbe3a32d51487b6818daf2e64053fddcdf477ba73550f58bf78,neoxa,deposit,0.36028685,126.1,112yjzAQ3wgn7JTMF3oXVb7rBsfec16pkE,
2026-09-07,969315,1cce520d9c020b4e20ef88ec03f39edc2b442ecf7c520b55947bfad86cc0cda5,neoxa,withdrawal,9.99990000,3499.97,bc1qt772af4r2gtj5kweqy8scq4cemc7w49gj8ck2r2n72c8vljwjjrs5j8tlr,
2026-09-07,969315,e3dc7f4aed805064f17a7eb4e4087cb41de3f71c7a9d4d7eac3ef7a779bfd1c2,neoxa,withdrawal,11.59646329,4058.76,12k8Cz3cGFaM1qupAs5tjMgJNav4iHDju4,
2026-09-07,969315,e3dc7f4aed805064f17a7eb4e4087cb41de3f71c7a9d4d7eac3ef7a779bfd1c2,neoxa,withdrawal,9.99990000,3499.97,bc1qmqn9uqfrlprxlfaz76x4ncmr94x6qalh00ze9cm2tc2d80de8urs72llz5,
2026-09-07,969315,1b61a9de584e40e3ae6382caf5df466044bed6c940a810e0b5924da6a78cec97,neoxa,deposit,1.36840000,478.94,1NqTDtdZue1GYWAjtEt4vxkfeSoBYEfbhf,
2026-09-07,969315,a534385c61402533f0e34e78728084083e047a21e41d1e1e3768db412fa89345,neoxa,deposit,0.53823232,188.38,bc1p8zw7rpmwusj46z3cu3jg3z252z5vxwst7nh9wdafuh307duehwjqkg7nf7,
2026-09-07,969315,6aebcf50ba0b80895998438953d7128f389b6103f1cb453dd14adb3b8932237c,neoxa,withdrawal,3.17875325,1112.56,1PfnUpintTW1FzVtGBVKCiDhD8q8ZeM3cu,
2026-09-07,969315,6aebcf50ba0b80895998438953d7128f389b6103f1cb453dd14adb3b8932237c,neoxa,withdrawal,4.99990000,1749.97,bc1qj5zps2rqdaqfn3eml9nk4hwfsj4zkhphz3d3qk5vjfv4aw2e25kqgw0t07,
2026-09-07,969315,ffb9383480728e02a70f99077ccede1a6cd4e81a8b61a8fbae60f4fa094a38eb,neoxa,withdrawal,1.98585130,695.05,bc1qcjrpp5d3wflu4xq49earykmwj8t9yhwepg92jy,
2026-09-07,969315,ffb9383480728e02a70f99077ccede1a6cd4e81a8b61a8fbae60f4fa094a38eb,neoxa,withdrawal,1.10474699,386.66,1KcYbpJAZ8YoHjr7bGxeP298aZneavnAX4,
2026-09-07,969315,6a6dda790c923f0677e90d43020ca1ee2e3739b301b6d8c5d640cae5204eb507,neoxa,deposit,0.82092645,287.32,bc1qqme26fvym0sl2568g3wn8dytt280jyhs7ln7m3,
2026-09-07,969315,b8329e5be95d2b3a6180a0ca9d2fb1c162b3d5007c5902f0da078e741ec2f2a2,neoxa,deposit,0.42936204,150.28,bc1qqme26fvym0sl2568g3wn8dytt280jyhs7ln7m3,
2026-09-07,969315,0e73349d2328f940481fe6963f61daa11098df21a96edbfcead6f89c7d904eba,neoxa,deposit,0.40581381,142.03,bc1qqme26fvym0sl2568g3wn8dytt280jyhs7ln7m3,
2026-09-07,969316,c263d9ed96c4bc2a5c942ebc820fe3444990f519a0bdec6026ba67af08f6759c,neoxa,withdrawal,0.71856267,251.5,bc1q3zt298xsh8ez05z0tle9ccqyth08n5kyy7hx2t,
2026-09-07,969317,08aed8a87351bbcbc551ce81a8c9bdd097bc9feae2a816835f2184e58dd35cb6,neoxa,withdrawal,0.64271221,224.95,bc1q9ul45twp2wvnqzhlpmlp3kxh7m7ry2qxgfyjca,
2026-09-07,969317,08aed8a87351bbcbc551ce81a8c9bdd097bc9feae2a816835f2184e58dd35cb6,neoxa,withdrawal,0.70657159,247.3,18BMLoV711QBiRg1sVNhSQ2Xd6wd7uAqBg,
2026-09-07,969319,23cc49c80965efbce32b7f4d95690f9039bc5e355aeb94d2305e8788f8a31421,neoxa,deposit,0.69570000,249.76,1EncKs9FWy8i6DPo5nPopnD3H9eqho43fU,
2026-09-07,969319,23cc49c80965efbce32b7f4d95690f9039bc5e355aeb94d2305e8788f8a31421,neoxa,deposit,0.61270000,219.96,1EncKs9FWy8i6DPo5nPopnD3H9eqho43fU,
2026-09-07,969320,0d47a408340f5d3441ade8b849cc45067feea91f6caf981faaa2624f97c34617,neoxa,withdrawal,0.36000000,129.24,bc1qppqe34gjp7qqerrlpcln8nguvwgpsxu0updnj4,
2026-09-07,969322,2c59d6f797025f4d05c4d2ab458ff1148c55106aef6f51b4f6b241f027dd54fe,neoxa,withdrawal,0.47798574,171.6,15jVzLrL5Y8NLQLF2psy1yqtr4XbkdByGP,
2026-09-07,969322,2c59d6f797025f4d05c4d2ab458ff1148c55106aef6f51b4f6b241f027dd54fe,neoxa,withdrawal,0.90705457,325.63,1QB5S4Xi6W5bpzpLfcuXdwjEJNtLCkjKH6,
2026-09-07,969324,7e0456faec2cb9d2a27456bc0934efe4b71672d8f91e4c176494c9dd04cee55c,neoxa,withdrawal,3.01265117,1081.54,bc1q8rgvfvumf87hpp4q4krk9kk07qk8lk32msr0dg,
2026-09-07,969324,7e0456faec2cb9d2a27456bc0934efe4b71672d8f91e4c176494c9dd04cee55c,neoxa,withdrawal,59.66900886,21421.17,1MhRvU4vDLeE4Jp6qdthe3ufyVZSHaqPMm,
2026-09-07,969324,90c13e8018aae099d57001dd8ba8a4eb838d7ed0ef7dc441346d673fd0f47861,neoxa,deposit,0.69660000,250.08,1EncKs9FWy8i6DPo5nPopnD3H9eqho43fU,
2026-09-07,969324,af89bef080d56be581c9a91fd05398b579db38616561f99e4d765d1ba34c3a7b,neoxa,deposit,0.44711983,160.52,19k2MeeRuCR4eL4CVSyF8dzJepkYTt3AFk,
2026-09-07,969324,af89bef080d56be581c9a91fd05398b579db38616561f99e4d765d1ba34c3a7b,neoxa,deposit,0.40834059,146.59,19k2MeeRuCR4eL4CVSyF8dzJepkYTt3AFk,
2026-09-07,969324,af89bef080d56be581c9a91fd05398b579db38616561f99e4d765d1ba34c3a7b,neoxa,deposit,0.47426979,170.26,19k2MeeRuCR4eL4CVSyF8dzJepkYTt3AFk,
2026-09-07,969324,af89bef080d56be581c9a91fd05398b579db38616561f99e4d765d1ba34c3a7b,neoxa,deposit,0.29440742,105.69,19k2MeeRuCR4eL4CVSyF8dzJepkYTt3AFk,
2026-09-07,969324,af89bef080d56be581c9a91fd05398b579db38616561f99e4d765d1ba34c3a7b,neoxa,deposit,0.98207260,352.56,19k2MeeRuCR4eL4CVSyF8dzJepkYTt3AFk,
2026-09-07,969325,5398593baf05146735716f0513c30b54e31f0f55b4f0d4a002e6729e3792d797,neoxa,deposit,1.50000000,538.5,bc1qr3xlq5rnla7vr3ryjj33njg9w9qy6w265krg2k,
2026-09-07,969325,c1ae83bbb1b04a735fb8193af92a5ac99677b81d34cec518c24a6f3553f5acf0,neoxa,deposit,2.61370000,938.32,1EncKs9FWy8i6DPo5nPopnD3H9eqho43fU,
2026-09-07,969325,c1ae83bbb1b04a735fb8193af92a5ac99677b81d34cec518c24a6f3553f5acf0,neoxa,deposit,1.29660000,465.48,1EncKs9FWy8i6DPo5nPopnD3H9eqho43fU,
2026-09-07,969326,89925224f19bc45fb328f27e9fecc12ddf83d35799d0265f5e7247dc32bee414,neoxa,withdrawal,60.01402146,21545.03,bc1qcfj3fnmuuauyq8tk20vzcdjxtl8na56wyffffj,
2026-09-07,969330,03ed312794b8d1fbaf583f2d957bf97ccc9d5e420220f1426256f46599781cdb,neoxa,withdrawal,0.98420236,353.33,bc1qsa6qf86xd7l88c2glspeh5l7qt4ltrer0funry,
2026-09-07,969330,b0ab24612dcb02844914a5b6743b37faba4a934110c54cd86918f82b1c620f13,neoxa,deposit,0.34700932,124.58,1H5jUF1XJVALG3qouFuNuMvEJ8kmnhjfe1,
2026-09-07,969330,b0ab24612dcb02844914a5b6743b37faba4a934110c54cd86918f82b1c620f13,neoxa,deposit,0.29673074,106.53,1H5jUF1XJVALG3qouFuNuMvEJ8kmnhjfe1,
2026-09-07,969330,b0ab24612dcb02844914a5b6743b37faba4a934110c54cd86918f82b1c620f13,neoxa,deposit,0.35033215,125.77,1H5jUF1XJVALG3qouFuNuMvEJ8kmnhjfe1,
2026-09-07,969330,b0ab24612dcb02844914a5b6743b37faba4a934110c54cd86918f82b1c620f13,neoxa,deposit,0.74971853,269.15,1H5jUF1XJVALG3qouFuNuMvEJ8kmnhjfe1,
2026-09-07,969333,a1c8bac016dce3c6b72ad758dfc5105b6e033c9a718ba6586e7bd39560dc576a,neoxa,withdrawal,0.50532819,181.41,bc1q9ul45twp2wvnqzhlpmlp3kxh7m7ry2qxgfyjca,
2026-09-07,969334,a46a8d22841df715f71912db4b04956bd75670db3ba59219177b912650ef14b0,neoxa,deposit,0.61356659,220.27,1EncKs9FWy8i6DPo5nPopnD3H9eqho43fU,
2026-09-07,969334,a46a8d22841df715f71912db4b04956bd75670db3ba59219177b912650ef14b0,neoxa,deposit,3.90150000,1400.64,1EncKs9FWy8i6DPo5nPopnD3H9eqho43fU,
2026-09-07,969334,40bd10a4c4e4f86ab1e3e76dff291817d9da8cae0619849dded0632a1243b03f,neoxa,withdrawal,0.39990000,143.56,bc1quldr28hjktuyy59gjgv9ypw2q2fxtdsrf7kmtv,
2026-09-07,969334,00075f29d0eadf2e7310488c6fc723b9e7a41698c7ac9e40b21ce646dafa503b,neoxa,deposit,0.26076164,93.61,1LAFpg1XGHUAqKfF2GXLhe9tFk43YRY236,
2026-09-07,969335,75443f13a247be867d5fbc47b7557fc3338f0262dff32b2202603d24404fda27,neoxa,withdrawal,1.35079316,484.93,bc1qnhn6tutqme4gtjkyj3ltn3atmyacdpvahrs6u0,
2026-09-07,969335,b696b0c765b70c53660b81d18a956df05844c0d7c1cb5c7f27f4542c2e24c0f9,neoxa,withdrawal,0.79043732,283.77,1Lsne8Za69KU9uCd3F66a9tjeFJJeefutv,
2026-09-07,969337,4153ed7bdb6b763ed07dca58c86230a1a03841713783370a38723fc636cfe062,neoxa,deposit,10.00000000,3590.0,bc1q8zw9sdr9jdkuke595tg9ja0w8asc52dtpklrw0,
2026-09-07,969337,204d029095590e7105dfdea2740daefe453c59eb1296be2951289c1112b224dd,neoxa,deposit,2.76820000,993.78,1EncKs9FWy8i6DPo5nPopnD3H9eqho43fU,
2026-09-07,969337,1ff72f32bf4179d61e99db94c2963501c97c8db3779855322f5c4bae8558aa24,neoxa,withdrawal,0.91760482,329.42,bc1qaq9ggdt5cj7pfks8nwr47h7n7zdthdefdffkxm,
2026-09-07,969337,50d47ad45af6e7a846957c0a25fd616ff0511ee2a77615e6ec99102a3258f589,neoxa,deposit,1.82664582,655.77,bc1qqme26fvym0sl2568g3wn8dytt280jyhs7ln7m3,
2026-09-07,969337,c663bb777b6764147956d969dc0e108c274a24d017ff02c4b4a97a5f79f55fa7,neoxa,deposit,0.47797501,171.59,bc1qqme26fvym0sl2568g3wn8dytt280jyhs7ln7m3,
2026-09-07,969337,7eb4aea56d2a26f5f6119ee3fd88c670d07f8eaf328c8ad299c2e779e47589d7,neoxa,deposit,1.87040460,671.48,bc1qqme26fvym0sl2568g3wn8dytt280jyhs7ln7m3,
2026-09-07,969339,4f180f95b338a04e9f97b2570fee12e59f9efc40179d8671427e41cd17475814,neoxa,withdrawal,1.95078222,700.33,1Q8xGjdUaMRVrxvNzFVKT1Rt5eKbzWucyD,
2026-09-07,969339,4f180f95b338a04e9f97b2570fee12e59f9efc40179d8671427e41cd17475814,neoxa,withdrawal,57.97286425,20812.26,bc1q5e9hesdqlh6hjmjjnh3g5c70kn2mt56wajt230,
2026-09-07,969339,468453a121109f402fc08fa130b0fd90daaa463fb0dcd3c575498fcc081ad71b,neoxa,withdrawal,20.33542232,7300.42,1Myp8cQvmo1evaKeuA8CZ8tf4hdiV2LL5,
2026-09-07,969339,468453a121109f402fc08fa130b0fd90daaa463fb0dcd3c575498fcc081ad71b,neoxa,withdrawal,0.99990000,358.96,bc1qqkfd7gf22swhgra6x2he3ak6q9rnhwsykxrwtt,
2026-09-07,969339,efd8cc0aeeeed55bb276fcac6a613447399040265b027acb6ae79d8f3fbe9997,neoxa,deposit,0.30000000,107.7,bc1qgslnx2uyl7wcvj9sqxch66zqz9l4t40smwufmm,
2026-09-07,969339,a0d9f1887ef3f5810a2868e183dca7c5d446f9179c4cfa46d1b5649c0d07d75e,neoxa,deposit,0.35630417,127.91,12eivkjurH1gQ7hJbqQUeatrtgExowpo3w,
2026-09-07,969339,a0d9f1887ef3f5810a2868e183dca7c5d446f9179c4cfa46d1b5649c0d07d75e,neoxa,deposit,0.31022062,111.37,12eivkjurH1gQ7hJbqQUeatrtgExowpo3w,
2026-09-07,969339,a0d9f1887ef3f5810a2868e183dca7c5d446f9179c4cfa46d1b5649c0d07d75e,neoxa,deposit,0.35201873,126.37,12eivkjurH1gQ7hJbqQUeatrtgExowpo3w,
2026-09-07,969339,a0d9f1887ef3f5810a2868e183dca7c5d446f9179c4cfa46d1b5649c0d07d75e,neoxa,deposit,0.80364187,288.51,12eivkjurH1gQ7hJbqQUeatrtgExowpo3w,
2026-09-07,969340,c678aab956cd48c10a985ac7dd54adad634c544e5261b03d43c47cb1bc5d6f0d,neoxa,withdrawal,0.63773288,224.48,bc1qpr2r25g5gz9fj6sy3fe2rkam7hsm69vr97hzuz,
2026-09-07,969340,87838f40b6f3e3d5c522a99214a45bb8f804a98677e240f7a73be82547ba164c,neoxa,deposit,0.61010000,214.76,1EncKs9FWy8i6DPo5nPopnD3H9eqho43fU,
2026-09-07,969340,56235debbc74212bfa865fa1ac93d1281a5561242465fd4738ef6946ddb30f85,neoxa,deposit,0.61020000,214.79,1EncKs9FWy8i6DPo5nPopnD3H9eqho43fU,
2026-09-07,969340,ebd39cb944d6021768c08ec6ba9c256e98a61425c3ab2d979eb5ff10b57075d8,neoxa,deposit,18.99982643,6687.94,bc1qu8hkxrnwyjyu2avnjy54cmfe6c9qxg39yqlcqz,
2026-09-07,969340,9d2c08ecbc5e6ec6d76b5f60c36f4ecd6d278abe76f4acb4f9873d71633da631,neoxa,withdrawal,0.39990000,140.76,bc1qh8hk36sqpmxtnjhtys87anpmncjsjwwlxpg46q,
2026-09-07,969341,490a2188ef4d0b7491cef60d0c6180bbde22e8620ed71c2590e21475e3935f9c,neoxa,withdrawal,0.34135962,120.16,bc1q9ul45twp2wvnqzhlpmlp3kxh7m7ry2qxgfyjca,
2026-09-07,969341,0ecbdd08c85f490b33f0ff208b03a8cc3b0142cc2a7bb97e30b621752afb7854,neoxa,deposit,0.25609179,90.14,1EmwK7jxvSZgSV6asVBK5xjprYYufesV1P,
2026-09-07,969342,0778c0a1b1aa4bfbd39dcad1cf69d3a81b53292c9d8873252aaae581e77b3b07,neoxa,withdrawal,16.85743773,5933.82,bc1qldx4nqh8l24y3xflexwwk8v2h50gmjlahaljs6,
2026-09-07,969342,7134949c96c4348225264bd4e522ca7609b20dc6757b76c67d6b80a93ef8499f,neoxa,withdrawal,0.33065229,116.39,1M4kd5RHKp2BKMiR1ytpw9JoePQqturq6M,
2026-09-07,969342,7134949c96c4348225264bd4e522ca7609b20dc6757b76c67d6b80a93ef8499f,neoxa,withdrawal,3.74270843,1317.43,bc1q20adzjxehjudw5rhxsez3jq9c3k6rh2dzda8df,
2026-09-07,969342,6f50a419bd6d8cdfd37f22a31ad4f87c6aabda9a54cbaba754a5114ef1536590,neoxa,withdrawal,1.64280348,578.27,bc1qw3jv5mztry84hg768ph8hkxu54sh7w6txxav2m,
2026-09-07,969342,6f50a419bd6d8cdfd37f22a31ad4f87c6aabda9a54cbaba754a5114ef1536590,neoxa,withdrawal,0.27770486,97.75,1CC72JGYdYUhFj4mx3wqwjUkRTN5JKevfA,
2026-09-07,969342,b7f23ec5443d013ae83b4a67b85c5afa992cf0e491499b5723a1d1cddfa69653,neoxa,withdrawal,0.44619421,157.06,19AxvtwppxRtdgbe96rUsDm56iMMZHmpX6,
2026-09-07,969342,0759b16e484843a34831bffff5d528fc6e7270869ec502d8d6ad38dcd30a4a0a,neoxa,deposit,0.47331234,166.61,bc1qqme26fvym0sl2568g3wn8dytt280jyhs7ln7m3,
2026-09-07,969342,86308e91cd6bbfa67c3e3e399cc15d3144a185df1dd8109f71053219780fc736,neoxa,deposit,1.43597515,505.46,bc1qqme26fvym0sl2568g3wn8dytt280jyhs7ln7m3,
2026-09-07,969343,af8631d03f908a535c81325e0a0b8b0d2208e35f14f1a51a611c77509e2417ed,neoxa,deposit,0.59120000,208.1,1FpStvMgKxRrEUmV3ntnS984prZW4JyoZr,
2026-09-07,969343,af8631d03f908a535c81325e0a0b8b0d2208e35f14f1a51a611c77509e2417ed,neoxa,deposit,2.76260000,972.44,1FpStvMgKxRrEUmV3ntnS984prZW4JyoZr,
2026-09-07,969343,e7c8fcba7e3f29c1f817fc2d59d80b95f77e84be2a8c9728fe2fc6413a6a38a8,neoxa,withdrawal,2.06069583,725.36,19txNyHCWtVHFZzaqRd4s1i2QHtMXoQa9c,
2026-09-07,969343,e7c8fcba7e3f29c1f817fc2d59d80b95f77e84be2a8c9728fe2fc6413a6a38a8,neoxa,withdrawal,5.00000000,1760.0,1oPueCT6Ypqw7xmQS3S2hWEoQBtYPshTM,
2026-09-07,969344,d94d1b5a4d105dce9fb5d364d342188404a739750bf7237d45e3ddc3f0369a68,neoxa,deposit,15.99996772,5631.99,bc1q8zw9sdr9jdkuke595tg9ja0w8asc52dtpklrw0,
2026-09-07,969344,93b0799350cbce18c86fc974905cba792ac0cf587962b2790c481120b7de6e3c,neoxa,withdrawal,10.36233447,3647.54,bc1qn3q9tgq9xv5jfew47pfpatnykv4gjnmgdx8c5s,
2026-09-07,969344,93b0799350cbce18c86fc974905cba792ac0cf587962b2790c481120b7de6e3c,neoxa,withdrawal,60.86234570,21423.55,1PwhEY65AoR11y4i1YUEEaNs5FsysxRuhM,
2026-09-07,969344,2fa0cbba3037a1d60587583332caf655e5f37aa2c941cb826bbca9cfb548ce7e,neoxa,withdrawal,1.00000000,352.0,bc1qseyt52j4ftfp3svzggy4nzk0x5dphtfpz6e877,
2026-09-07,969344,508442b9451940c8ed915af176167fd8b99fc7bf92b3cdf354ef2b706ba97684,neoxa,withdrawal,0.36631223,128.94,1AZmjomRw4EjEUAFsvWx7b7QPE5CBEmskD,
2026-09-07,969344,eeb1fa1f6cc546b04775a79b9864925ba0ffdb85e216a2a82e3b7fa71a75feaf,neoxa,deposit,0.26922821,94.77,bc1qw5g5tdm9qh7ec4uvru453k4cde4tu9yumhc8sr,
2026-09-07,969345,5492c05fd4a76bf2037fc6fcce454d68a95e1fa5c4bd345e5ac4be73a5a348be,neoxa,withdrawal,2.91736814,1269.06,bc1qve4mhr5xe3yyjjyqulp24095htckuhj8mp6m3p,
2026-09-07,969345,5492c05fd4a76bf2037fc6fcce454d68a95e1fa5c4bd345e5ac4be73a5a348be,neoxa,withdrawal,1.54946424,674.02,1Kjkf5Bg5SMwFniYF7WxBis7qWwqHXuVEx,
2026-09-07,969345,500f517eeea73589c5875cf1c5bb125edbffbadd105eb94ce92972f59aae7b94,neoxa,withdrawal,5.79904230,2522.58,bc1q2z45ernpnxlwspkvrcmtdwuy85p7ugrfyz4e03,
2026-09-07,969345,4356412440f3adba11abaf9be082145ccf60045cbcd998cc06a55c95910ee248,neoxa,withdrawal,0.31539654,137.2,169Ngwi269A3DVv5Fybgv4HFFufnxXTiLZ,
2026-09-07,969345,4356412440f3adba11abaf9be082145ccf60045cbcd998cc06a55c95910ee248,neoxa,withdrawal,0.90239000,392.54,bc1q6qzk9mhd837fcnw542nk3fp7nmeh2xfuspd0zfnp0knazfufsq4q43tcfz,
2026-09-07,969345,bb7d755ea824236bf96bd3a5b40b5588ea3af1e6e9357b42e8aeb1554a7768b9,neoxa,withdrawal,0.99620160,433.35,1HXhgQ7bWnVkB7EWJVeFoVEzAK2htgj718,
2026-09-07,969345,1717563ba3e5b9248ed33b23227ddb49b25afcdbf1991954290519a96e2e26a0,neoxa,withdrawal,0.62913499,273.67,1GLZWEKj2EL6KHWBC4Ra7C6pzrSRnUdAAi,
2026-09-07,969345,1717563ba3e5b9248ed33b23227ddb49b25afcdbf1991954290519a96e2e26a0,neoxa,withdrawal,0.31068529,135.15,bc1q0ky4fz68tfx3d5ty068klehgre4ghtrzjqhg3ke3kys9k4rgxmjqchjdtc,
2026-09-07,969347,88416a220d1325f6eeaaa751a8fad424580d078ee6a7e0f342efdefd6635a608,neoxa,deposit,0.34065069,148.18,1PswicPuhgaBp2Y7Q2gRyF2pz8rg1Asp94,
2026-09-07,969347,88416a220d1325f6eeaaa751a8fad424580d078ee6a7e0f342efdefd6635a608,neoxa,deposit,0.29990551,130.46,1PswicPuhgaBp2Y7Q2gRyF2pz8rg1Asp94,
2026-09-07,969347,88416a220d1325f6eeaaa751a8fad424580d078ee6a7e0f342efdefd6635a608,neoxa,deposit,0.33833360,147.18,1PswicPuhgaBp2Y7Q2gRyF2pz8rg1Asp94,
2026-09-07,969347,88416a220d1325f6eeaaa751a8fad424580d078ee6a7e0f342efdefd6635a608,neoxa,deposit,0.73988349,321.85,1PswicPuhgaBp2Y7Q2gRyF2pz8rg1Asp94,
2026-09-07,969347,0c6294c71b731075166a19dc11a0540d157860e2bbb405cc48ffe36d674e23ed,neoxa,deposit,0.55060000,239.51,1EvEPDTbcSDZfd2EV33h84jDCv9BxkvNZs,
2026-09-07,969348,601f50cff4e3de0bfff79035df5c778b1a4c788a1212c1f52f9ea93bfae0f94c,neoxa,withdrawal,51.60137857,22446.6,bc1qr3z6elfnep02pgy5705urycwdcszv6fdwl9nqy,
2026-09-07,969348,1fcb1d3299cca6a4f07bdd09111faf8be22ba46b3224283acfb557483a25f109,neoxa,withdrawal,0.33358736,145.11,1BbggQBQjz69T8NwF9rEAQikaTL8GmGGhZ,
2026-09-07,969348,1fcb1d3299cca6a4f07bdd09111faf8be22ba46b3224283acfb557483a25f109,neoxa,withdrawal,3.57016081,1553.02,bc1q0k8uerrum84l4t0lm5n3tl5dsqg3h4mw6z9tqf,
2026-09-07,969349,23ed484d21756dd4b35e8f1b5c25ba15af32b5811449a58f821c991bc8964401,neoxa,deposit,0.40360000,175.57,16DKwN9gQwDmLPP2Fj1ntPQPBC3hvWcMAk,
2026-09-07,969349,23ed484d21756dd4b35e8f1b5c25ba15af32b5811449a58f821c991bc8964401,neoxa,deposit,0.28880000,125.63,16DKwN9gQwDmLPP2Fj1ntPQPBC3hvWcMAk,
2026-09-07,969350,b3e8008cafcd43806d9bbedce1b5b03c72ea6d983b0af938cb90bf4477f62e6f,neoxa,deposit,0.47360000,206.02,1N95TfCKDEYb5994D9hSV6PR7QUzKGeo1y,
2026-09-07,969350,b20d847714ad99e396380d81d9ceeed0d470f4d2e38b07878e4941d1fba8688f,neoxa,withdrawal,0.25872542,112.55,1r9QDreSAn2cqyiWDxf3FswWfcGu5dPmS,
2026-09-07,969351,b81eb1a6cf6af927cd03729872fbdab17e133925dec08ddd8e732a48aed28fd6,neoxa,withdrawal,2.98017064,1296.37,bc1q2nz2e0m8wja9xls85rp53qtj42g64779xsyrcuqn0j547rrcc83skkxz9z,
2026-09-07,969351,5b18e18b625e2ff11c59f937b6addd0ebccd8f24157c4fa39c988d1e53f19a17,neoxa,withdrawal,2.00990000,874.31,bc1qsf49szgqzfhkjt0nfht33cns8lufta9mc8juuu,
2026-09-07,969351,7a896d97df838b11f735fbb43e4853cad40c65b33f3a8236d074e0d4d39b5d33,neoxa,deposit,0.79999591,348.0,bc1ppywrtwy5q3wum7gzk0rjr48ngds0ejnqk2yqha9xk6pcft7rsq3srggr8v,
2026-09-07,969353,8d09d6ae2ef8ce52c1a5ca19bf8d272e0af31d64deff866f532ffb34dd89461b,neoxa,deposit,0.25698760,111.79,1E2jaJJGr3qdFoWD5ZKAxEMuAx7PwfXvim,
2026-09-07,969355,31dbd84f64ef8fcc588a35d94d34e53bc2a9a5aa5e61ad4468bbc155abb2303b,neoxa,withdrawal,16.88675267,7345.74,1MeRxHBKk2oHWSDJUbVh3Bi3RiAHZnhJTK,
2026-09-07,969355,782577a84bf81d51b4601a42c3b7b1cfdca74d57708c37399b920e91a8347617,neoxa,deposit,2.61470000,1137.39,1EncKs9FWy8i6DPo5nPopnD3H9eqho43fU,
2026-09-07,969358,bd0589f665343e84bbd2ce7b5663fd0f785639b30ae246508c2c130da0b814ca,neoxa,withdrawal,1.71841397,747.51,1L2NUjDsYAP2qaAw4RPLoCn7fjp5XGk4Dd,
2026-09-07,969358,bd0589f665343e84bbd2ce7b5663fd0f785639b30ae246508c2c130da0b814ca,neoxa,withdrawal,1.85323964,806.16,bc1q46zfaxt7gqrkaz7fu9t3q69yvt5tha68rhnagg,
2026-09-07,969358,fff591a76e0d9103d57be6e57f252cba679a2f256d80a611add58b6d9f894529,neoxa,deposit,0.53495586,232.71,1Gmo559XiRPaQ68oZcKvZELkqnuGjC2gP2,
2026-09-07,969360,f84883e55da64d793e4b33c617368ebceb3e1ee0f330a59085c808cae46af5d9,neoxa,withdrawal,0.81547711,354.73,1KHSn5yNsjzcX3gQjW8u1meHHFNzgMFHjc,
2026-09-07,969360,f0a156627764715a5902f91b06def5cd7161ebb787dfae1156dbd3fd0277d04a,neoxa,deposit,1.38996973,604.64,bc1qqme26fvym0sl2568g3wn8dytt280jyhs7ln7m3,
2026-09-07,969364,15369613704a629ce74cd1406c4b440c6046df353d412b7a854d98635d749068,neoxa,deposit,1.50000000,625.5,bc1qlwdwqhvllfp0hxmhv7mjsg9azcnulejx94nxkq,
2026-09-07,969364,3505ee9c9ab52c53300045d4099c2a7fc08af59a2ff74f48ceff51b666f8d588,neoxa,deposit,0.45685154,190.51,1PQX3sckQqi4raMa2S8bvhXRT94ok4RBDh,
2026-09-07,969364,3505ee9c9ab52c53300045d4099c2a7fc08af59a2ff74f48ceff51b666f8d588,neoxa,deposit,0.30169687,125.81,1PQX3sckQqi4raMa2S8bvhXRT94ok4RBDh,
2026-09-07,969364,3505ee9c9ab52c53300045d4099c2a7fc08af59a2ff74f48ceff51b666f8d588,neoxa,deposit,0.34226697,142.73,1PQX3sckQqi4raMa2S8bvhXRT94ok4RBDh,
2026-09-07,969364,3505ee9c9ab52c53300045d4099c2a7fc08af59a2ff74f48ceff51b666f8d588,neoxa,deposit,0.42323254,176.49,1PQX3sckQqi4raMa2S8bvhXRT94ok4RBDh,
2026-09-07,969364,3505ee9c9ab52c53300045d4099c2a7fc08af59a2ff74f48ceff51b666f8d588,neoxa,deposit,0.27481032,114.6,1PQX3sckQqi4raMa2S8bvhXRT94ok4RBDh,
2026-09-07,969364,3505ee9c9ab52c53300045d4099c2a7fc08af59a2ff74f48ceff51b666f8d588,neoxa,deposit,0.27428614,114.38,1PQX3sckQqi4raMa2S8bvhXRT94ok4RBDh,
2026-09-07,969364,3505ee9c9ab52c53300045d4099c2a7fc08af59a2ff74f48ceff51b666f8d588,neoxa,deposit,1.05281357,439.02,1PQX3sckQqi4raMa2S8bvhXRT94ok4RBDh,
2026-09-07,969365,87168d5866fdbe0d33bc86a5dd8cdef6a646e3f19f0b14e86efe8ce0cd5aa8da,neoxa,withdrawal,0.36849713,153.66,1Djx9WQdhiXXLrEtbqbPsFeNkYET9FWfns,
2026-09-07,969365,8cb7ab17f496f9c484ddc2f92f11e81d864140a393583694384ea5e5bc79562a,neoxa,deposit,0.37600000,156.79,1SofCwR77zZTb1iZAryynCm9kZ7JWqUA2,
2026-09-07,969367,263e65e588064c7962eedf9c265a98c9ee667ef7dbfffdfd79b693729cd3a097,neoxa,withdrawal,4.30219288,1794.01,bc1qva64ynl2293stjp24krxfarne5tyh9v2mmm2vq,
2026-09-07,969367,84ea5d4e7c504c52cd70bf50b188f0c3f82ef124ad28ca77d42771c959b19a84,neoxa,withdrawal,2.91104986,1213.91,3AqCCKS6uPCXPCCujS9qrEVAHsXThpmC3F,
2026-09-07,969368,afe9a53e6c8072c2ab3667bf61c3226198e56fa2689a41fe007b118c70c58c26,neoxa,deposit,0.67560000,281.73,1EYmHhDpbcQDy91B9Z3oZxEdFYbyE4idhb,
2026-09-07,969368,3d5a6e963066d1d2147e8c7bad7d3113431a20071c8617f3810129e79ef05a2b,neoxa,deposit,0.25959571,108.25,1HGA764xkuZ5q5TcZSaTcyiKfZtT8BqXtp,
2026-09-07,969369,594fc0a41c97d4838e04dddfc092a8c9b9307ad4a16b6429c7847d402f80e11d,neoxa,deposit,2.97609997,1241.03,bc1qqme26fvym0sl2568g3wn8dytt280jyhs7ln7m3,
2026-09-07,969371,6985c629f9ed0d9a8d11ad51a6b50abcb6ae7b9a40e0359c9a210010408a3b15,neoxa,deposit,12.31388305,5134.89,1NBbvmjQr8xXnFR2hurwF7v5DexWPiDUN9,
2026-09-07,969371,64a5822c208f9951f1e1fd94679fe7bde37ff6a9aa04f1c921774b7289f6b1c5,neoxa,deposit,3.15870000,1317.18,1EncKs9FWy8i6DPo5nPopnD3H9eqho43fU,
2026-09-07,969374,8d0ef145ec7bc3363cddae6d3fd6cbeed99bf75a49d12764378b081dcf77d132,neoxa,deposit,0.84310000,351.57,1EncKs9FWy8i6DPo5nPopnD3H9eqho43fU,
2026-09-07,969376,bd479f24de3109cfd34dcd1e67ff3dbfc99cc21d4f19deacc11570bd344abed7,neoxa,withdrawal,0.41565558,173.33,1KHSn5yNsjzcX3gQjW8u1meHHFNzgMFHjc,
2026-09-07,969376,bd479f24de3109cfd34dcd1e67ff3dbfc99cc21d4f19deacc11570bd344abed7,neoxa,withdrawal,20.04815862,8360.08,1CrBwY83AaYPPQFYDZdtFB3ySXUkGvFxSV,
2026-09-07,969377,f25e7cb0a4c1becd5502d329049d6e6f57b1eee9ee0d59883a2e0ea20709da18,neoxa,deposit,0.32434017,135.25,1DnkSkheMwmrPnctNP1VsoMuHbSLLp9hcD,
2026-09-07,969377,f25e7cb0a4c1becd5502d329049d6e6f57b1eee9ee0d59883a2e0ea20709da18,neoxa,deposit,0.25719004,107.25,1DnkSkheMwmrPnctNP1VsoMuHbSLLp9hcD,
2026-09-07,969377,f25e7cb0a4c1becd5502d329049d6e6f57b1eee9ee0d59883a2e0ea20709da18,neoxa,deposit,0.31284238,130.46,1DnkSkheMwmrPnctNP1VsoMuHbSLLp9hcD,
2026-09-07,969377,f25e7cb0a4c1becd5502d329049d6e6f57b1eee9ee0d59883a2e0ea20709da18,neoxa,deposit,0.76566827,319.28,1DnkSkheMwmrPnctNP1VsoMuHbSLLp9hcD,
2026-09-07,969378,324e228455f06fba5ddf7475505bb8a2134f037961323b00b42a6d1f3e6a30ed,neoxa,withdrawal,45.63292166,19028.93,bc1qhwhz5l6srzrcre6z02l658wuujrn7pk8kmrg52,
2026-09-07,969378,c4ba0d66f02bc8d10cc098920225ff3f27220da162088118ab141802de34357b,neoxa,deposit,1.40720000,586.8,12wnT8JxDspAJ3ox83DHug6mquASZFEgKK,
2026-09-07,969378,66b7759dc2c5f7bc73a052a23e972e971487a77feccb4f3ef0c83808cb72182f,neoxa,deposit,0.31911207,133.07,bc1qchy6k2rpv2wryh4f5fqwc4qext3nu3ptppsczw,
2026-09-07,969381,0ad0648691b2f6b558f344dbe0801b6a97b813393d2566aab32e47d267612e51,neoxa,deposit,0.30982777,129.2,1D2zjYHKCjq7L1Yc8rMsPmHoNBNPjmzTzs,
2026-09-07,969381,0ad0648691b2f6b558f344dbe0801b6a97b813393d2566aab32e47d267612e51,neoxa,deposit,0.26077643,108.74,1D2zjYHKCjq7L1Yc8rMsPmHoNBNPjmzTzs,
2026-09-07,969381,0ad0648691b2f6b558f344dbe0801b6a97b813393d2566aab32e47d267612e51,neoxa,deposit,0.31953320,133.25,1D2zjYHKCjq7L1Yc8rMsPmHoNBNPjmzTzs,
2026-09-07,969381,0ad0648691b2f6b558f344dbe0801b6a97b813393d2566aab32e47d267612e51,neoxa,deposit,0.75998978,316.92,1D2zjYHKCjq7L1Yc8rMsPmHoNBNPjmzTzs,
2026-09-07,969383,7300cc3df32425fdbac10e44656b6aa78922d7ff55843731b0a7ba3e6ef4db57,neoxa,deposit,0.26059442,93.03,13SgQnWBtg2C3iUspCuQPh4XWtqUPH3387,
2026-09-07,969383,8108bd1b42ba77a26dd3899c8a2554016b83a8284b5e65f5f1adc75cb88542ca,neoxa,deposit,0.99999621,357.0,bc1p63axuk2qsn694g0gyct8mpv356aa2g75kjnhhaqtstthyqh7u6uswgd2dn,
2026-09-07,969386,9ff35b273f55d466515240a8e618d4dedaca559aee3a192d666f6f4c15199626,neoxa,deposit,3.42844189,1223.95,bc1qqme26fvym0sl2568g3wn8dytt280jyhs7ln7m3,
2026-09-07,969388,ceb0557d2caaaea267c374e242d1d770d391179fb7b100567a65c74d65e56ddf,neoxa,deposit,0.47628499,170.03,17wfvAwRAXAETJ8Whpok4TGpTHuCkqtvnQ,
2026-09-07,969389,6294f4b7073ee3cf517da07235683fcd06132d12f63d41f12e6f623070e4c303,neoxa,withdrawal,0.92118828,328.86,bc1qa4dq08m3vsy3dzf3kmdx7uunjganaazmhyshv2,
2026-09-07,969397,46f5477c81f485a8b6ddcbdc0100aa5557774d59934831bfdd67ab80af7d17a4,neoxa,deposit,1.34004367,478.4,bc1qqme26fvym0sl2568g3wn8dytt280jyhs7ln7m3,
2026-09-07,969399,0dc383d723a6c74c522ddcb7611d78eec1c0a5bba1a8da0cb1efc1872e687964,neoxa,deposit,0.99999645,357.0,bc1pl8nryn3tcwlw9634thqt3vc60ael7jap8wkgd0tcz3pf3ywpv9ysmu5zd6,
2026-09-07,969400,1fde53fbca2e624bac185874f8c0a9f4061d523db615fc3e020149afe697f3a7,neoxa,withdrawal,0.92288738,329.47,1M1Xp6KSvBD18hJ5C8pm5WjEVkAHnHGAWr,
2026-09-07,969401,d9c060cae69b6ceab567e6d9677c329a7f5db0c84a82e1743c3bf8cd7c87f28d,neoxa,withdrawal,3.64952955,1302.88,bc1qg9h94qlcmuxz46rzgf5q857hdu2cdkjhlgwp5t,
2026-09-07,969404,4b98b00e430c3dba9cbd0666ee325ce5fad2db7dd09a20e840a503ce61c25650,neoxa,withdrawal,0.39579419,141.69,bc1qm9uljq9h20wz70gjm2pkzk92jqk0ujdcce95u2,
2026-09-07,969404,5b1822a23ee0096e0bb97f47bd1f7f900e4a1bbcebe7e338138f43ba291389a8,neoxa,deposit,0.29660307,106.18,1JcFPdd8mpgZKaHkCgCK2ALuPRDzdAF57j,
2026-09-07,969404,5b1822a23ee0096e0bb97f47bd1f7f900e4a1bbcebe7e338138f43ba291389a8,neoxa,deposit,0.28304963,101.33,1JcFPdd8mpgZKaHkCgCK2ALuPRDzdAF57j,
2026-09-07,969404,5b1822a23ee0096e0bb97f47bd1f7f900e4a1bbcebe7e338138f43ba291389a8,neoxa,deposit,0.58202197,208.36,1JcFPdd8mpgZKaHkCgCK2ALuPRDzdAF57j,
2026-09-07,969406,3fc92546dd4e6e83c0163cba0d49e4475b563e67304d4140998d4e422a8da0a6,neoxa,deposit,0.38020000,136.11,1EncKs9FWy8i6DPo5nPopnD3H9eqho43fU,
2026-09-07,969407,4b602406c169fadf9b57132b10f7df9b05cafafee0ab6d5e12b8bcd591da583e,neoxa,deposit,4.00000000,1432.0,bc1q3ppam49lyylsgh7yxlh9v8gkpqwn90xkstz63j,
2026-09-07,969407,6f4a3eb54d131af369421111d669d2a06d1678837a1a570334fff3ece3457ade,neoxa,withdrawal,0.99990000,357.96,bc1q7tj6sr4w28j7avgnz4zmefdet3jl2nl4z02pde,
2026-09-07,969407,26a25142b938be2de1023bd1b7e76e5786ef23d65ab6693d1fe3051d251c19cd,neoxa,deposit,0.99999653,358.0,bc1pv0mgwcfgv0x3adrvzxmxcfylup7l8rtq8nf5va8560zw8d3aq83sxgh8y7,
2026-09-07,969408,dcaeff81c1dbfb840c49f95177038a62492309893f6a6516e161127dfb8c2822,neoxa,withdrawal,1.58161952,566.22,bc1qu6gwdyys4ugjaea3vx3yyhsyflda3mzjycfteu,
2026-09-07,969408,dcaeff81c1dbfb840c49f95177038a62492309893f6a6516e161127dfb8c2822,neoxa,withdrawal,19.89670509,7123.02,1NZDbduH22oVZFHhQePKJP4bc6LKpXGyaB,
2026-09-07,969408,281ae8d256ca34a5f87a8e13deb15bb5da5ca2815c8eefbfc1390e7ddb85a62e,neoxa,withdrawal,2.08350537,745.89,14JkJq51xX6rMHrwFHLi8rLQZ7DCAsoPhJ,
2026-09-07,969408,281ae8d256ca34a5f87a8e13deb15bb5da5ca2815c8eefbfc1390e7ddb85a62e,neoxa,withdrawal,1.50000000,537.0,bc1qe2cxesfvst4sf0d6u9vxglrdvg2flzfseufakl,
2026-09-07,969409,daa5425b1ddf34c6202b800c37498179dd82de90142d65570f92f4d791d8ff9b,neoxa,deposit,0.28579078,102.31,16v89k72dUrNivumP8qPEwfxK6BSrVBze6,
2026-09-07,969409,daa5425b1ddf34c6202b800c37498179dd82de90142d65570f92f4d791d8ff9b,neoxa,deposit,0.27118862,97.09,16v89k72dUrNivumP8qPEwfxK6BSrVBze6,
2026-09-07,969409,daa5425b1ddf34c6202b800c37498179dd82de90142d65570f92f4d791d8ff9b,neoxa,deposit,0.63396855,226.96,16v89k72dUrNivumP8qPEwfxK6BSrVBze6,
2026-09-07,969413,9228c50346f6872a794e19246c3943deadfe2b27dae9ad87ed087e2c1ca15fa5,neoxa,withdrawal,19.79441835,7244.76,bc1q5e9hesdqlh6hjmjjnh3g5c70kn2mt56wajt230,
2026-09-07,969414,b3854172324cd13c84a9f5272f06a05385fe7aab4995bfcafcf66d2996eec603,neoxa,deposit,6.27000000,2294.82,bc1qwqdv6vdypqlfy0yhdagfuvycvhllugzmg7zjn9,
2026-09-07,969414,8e5cfd2cc6ed95611ef30c89f72c95aedcf82cf42f53a9fdf45bf3ba42b363ff,neoxa,deposit,3.12000000,1141.92,bc1qwqdv6vdypqlfy0yhdagfuvycvhllugzmg7zjn9,
2026-09-07,969414,70cef2ee10181d8fc04de877f1546d57b5f506db629ff021aeba4ad60a6b9613,neoxa,deposit,6.27000000,2294.82,bc1qwqdv6vdypqlfy0yhdagfuvycvhllugzmg7zjn9,
2026-09-07,969414,b2a33524283fd2cf0f71ed01c1984d10fff77897a9ff466f64da524d4350ec1a,neoxa,deposit,3.12000000,1141.92,bc1qwqdv6vdypqlfy0yhdagfuvycvhllugzmg7zjn9,
2026-09-07,969415,c136559ddc6d24aac83b5601391fccafec88eb982771bea437127787e4ae9476,neoxa,deposit,10.38000000,3871.74,1NWVMK9tK96uKZ6gypbT4gtTe9kk5a3mG3,
2026-09-07,969415,b63bed964e9f99e627e877f0f271b9eed85d7526a2d0894cd64e7511ba4e2bfa,neoxa,deposit,0.37762100,140.85,bc1qlrmjpgg0e5jrhmzyjmtgc6dfpdr66sps8vjl2q,
2026-09-07,969415,b63bed964e9f99e627e877f0f271b9eed85d7526a2d0894cd64e7511ba4e2bfa,neoxa,deposit,0.27206650,101.48,bc1qlrmjpgg0e5jrhmzyjmtgc6dfpdr66sps8vjl2q,
2026-09-07,969415,b63bed964e9f99e627e877f0f271b9eed85d7526a2d0894cd64e7511ba4e2bfa,neoxa,deposit,0.29427899,109.77,bc1qlrmjpgg0e5jrhmzyjmtgc6dfpdr66sps8vjl2q,
2026-09-07,969415,b63bed964e9f99e627e877f0f271b9eed85d7526a2d0894cd64e7511ba4e2bfa,neoxa,deposit,0.34906707,130.2,bc1qlrmjpgg0e5jrhmzyjmtgc6dfpdr66sps8vjl2q,
2026-09-07,969415,b63bed964e9f99e627e877f0f271b9eed85d7526a2d0894cd64e7511ba4e2bfa,neoxa,deposit,0.26769385,99.85,bc1qlrmjpgg0e5jrhmzyjmtgc6dfpdr66sps8vjl2q,
2026-09-07,969415,b63bed964e9f99e627e877f0f271b9eed85d7526a2d0894cd64e7511ba4e2bfa,neoxa,deposit,0.29843473,111.32,bc1qlrmjpgg0e5jrhmzyjmtgc6dfpdr66sps8vjl2q,
2026-09-07,969415,b63bed964e9f99e627e877f0f271b9eed85d7526a2d0894cd64e7511ba4e2bfa,neoxa,deposit,0.82896273,309.2,bc1qlrmjpgg0e5jrhmzyjmtgc6dfpdr66sps8vjl2q,
2026-09-07,969416,a6b1883f49a3be55b7be7b249362e21a0ae1e6b7ea1ae7e755bfd46b702cb43a,neoxa,withdrawal,11.71464077,4369.56,131quntoh9QWmGbS76YMSszUGc2SX97RkH,
2026-09-07,969416,a6b1883f49a3be55b7be7b249362e21a0ae1e6b7ea1ae7e755bfd46b702cb43a,neoxa,withdrawal,8.58026286,3200.44,bc1q96gwk7ewn87zw6rk0gde8lruxut79ytlnxjuz4,
2026-09-07,969419,477e8a11d7b0868dbfe137500e069c7a38b8de5f7e3f261a0e7f41f94e080837,neoxa,withdrawal,16.68830397,6224.74,1MFATr2bdzqjM1zoq9i3Zt2C1jUk5Mznyt,
2026-09-07,969419,477e8a11d7b0868dbfe137500e069c7a38b8de5f7e3f261a0e7f41f94e080837,neoxa,withdrawal,3.92490000,1463.99,bc1q0s7s49ehrmrpzrdms52jahwx65vzl3cr523qc0,
2026-09-07,969421,58fc8bd1fa557e0a119bd745fdd883307dc7b30fb5f39b8fa8c458334b010750,neoxa,deposit,5.00000000,1865.0,bc1q6lh4rv9xpkkjd39xymf5tr93qkemdjz3c8hpcp,
2026-09-07,969421,dbd52612969c8bfce577e9d600b3e0db4e329609c74535d37ae00054f9acc6a7,neoxa,deposit,0.25596231,95.47,bc1qlrmjpgg0e5jrhmzyjmtgc6dfpdr66sps8vjl2q,
2026-09-07,969421,dbd52612969c8bfce577e9d600b3e0db4e329609c74535d37ae00054f9acc6a7,neoxa,deposit,0.27200635,101.46,bc1qlrmjpgg0e5jrhmzyjmtgc6dfpdr66sps8vjl2q,
2026-09-07,969421,dbd52612969c8bfce577e9d600b3e0db4e329609c74535d37ae00054f9acc6a7,neoxa,deposit,0.69015809,257.43,bc1qlrmjpgg0e5jrhmzyjmtgc6dfpdr66sps8vjl2q,
2026-09-07,969421,46c477c817f0f3ca86e441d4895f03f1fa0ce74752d91d0beabcf9b6dad80397,neoxa,deposit,1.00099897,373.37,bc1pf63rc96063s0vdu26vjyxfjmdf5xjst5ph09ea87fsjhpnmm8z0sfxf6wj,
2026-09-07,969422,b5d8a78e5d3157d4bce2ee078e621ddc0da83ed6dbf2d79509f3896cf15aeddc,neoxa,withdrawal,74.18901550,27672.5,1DTj8SBMLEZxQS3uJcwf8J8ytZZGfuHPkk,
2026-09-07,969422,b5d8a78e5d3157d4bce2ee078e621ddc0da83ed6dbf2d79509f3896cf15aeddc,neoxa,withdrawal,16.01734109,5974.47,bc1q78k23xthz6tq66l4lwq20a7yxjcvvwmz7dxtue,
2026-09-07,969422,bc3571688c14ac788f89115d1fbced697212e03df94004b7a45968ed8337ca47,neoxa,withdrawal,0.75559492,281.84,bc1q5najl6eg7p57jp23vjssys82327y38w2xe0zrp,
2026-09-07,969422,615daf1f0e6db578791768b1992dfd5d63d4bc0bd1931986dcd61b2551b3d513,neoxa,deposit,0.25270000,94.26,1FBkY6RtfqwMxxCiKLa9PidhgDPc9ycF7v,
2026-09-07,969422,3016acb883d560ed5fc80c90da7789a5648b6d534191efbcf9f55c89420d7346,neoxa,deposit,2.42485381,904.47,bc1qqme26fvym0sl2568g3wn8dytt280jyhs7ln7m3,
2026-09-07,969422,dddf246042629d149bc0d4c05e871e4a0e18aec8f3cf62cbde39df66623d7923,neoxa,deposit,1.42530344,531.64,bc1qqme26fvym0sl2568g3wn8dytt280jyhs7ln7m3,
2026-09-07,969422,4f0c45d9ebd5a077b2ec468449f4274e00577c2de40f2e16da97d1079c220e3f,neoxa,deposit,1.10888667,413.61,bc1qqme26fvym0sl2568g3wn8dytt280jyhs7ln7m3,
2026-09-07,969436,dec3375675ed66a102a10c76e0b227edbe24818f4bd52bda0c697ca182043f00,neoxa,withdrawal,0.99990000,379.96,1QK6ZMnMYZ2DeXXaVDsQ3urQR7gzKeLJGZ,
2026-09-07,969436,a8ad43cedaba1871adc24d8a67e4da16d2d1ad92d110513f42be2848e82c817a,neoxa,deposit,1.01800016,386.84,1HMihXH8hLfAuh8f8dF7EW8mEBcLpuCyRg,
2026-09-07,969436,a8ad43cedaba1871adc24d8a67e4da16d2d1ad92d110513f42be2848e82c817a,neoxa,deposit,0.67326073,255.84,1HMihXH8hLfAuh8f8dF7EW8mEBcLpuCyRg,
2026-09-07,969436,a8ad43cedaba1871adc24d8a67e4da16d2d1ad92d110513f42be2848e82c817a,neoxa,deposit,0.75917021,288.48,1HMihXH8hLfAuh8f8dF7EW8mEBcLpuCyRg,
2026-09-07,969436,a8ad43cedaba1871adc24d8a67e4da16d2d1ad92d110513f42be2848e82c817a,neoxa,deposit,0.57606364,218.9,1HMihXH8hLfAuh8f8dF7EW8mEBcLpuCyRg,
2026-09-07,969436,a8ad43cedaba1871adc24d8a67e4da16d2d1ad92d110513f42be2848e82c817a,neoxa,deposit,1.03841643,394.6,1HMihXH8hLfAuh8f8dF7EW8mEBcLpuCyRg,
2026-09-07,969436,a8ad43cedaba1871adc24d8a67e4da16d2d1ad92d110513f42be2848e82c817a,neoxa,deposit,0.52552584,199.7,1HMihXH8hLfAuh8f8dF7EW8mEBcLpuCyRg,
2026-09-07,969436,a8ad43cedaba1871adc24d8a67e4da16d2d1ad92d110513f42be2848e82c817a,neoxa,deposit,0.75799137,288.04,1HMihXH8hLfAuh8f8dF7EW8mEBcLpuCyRg,
2026-09-07,969436,a8ad43cedaba1871adc24d8a67e4da16d2d1ad92d110513f42be2848e82c817a,neoxa,deposit,1.00868634,383.3,1HMihXH8hLfAuh8f8dF7EW8mEBcLpuCyRg,
2026-09-07,969436,a8ad43cedaba1871adc24d8a67e4da16d2d1ad92d110513f42be2848e82c817a,neoxa,deposit,3.04562952,1157.34,1HMihXH8hLfAuh8f8dF7EW8mEBcLpuCyRg,
2026-09-07,969438,46dbda664e6d590b143d8fbbd31bc9b97f9416fa611516473a9d61835d328414,neoxa,deposit,1.00499897,381.9,bc1pru3h09kdmuz3wv4fvn70vmag0dk6hf8mf4am6r5wgjczq4386rnqacj85q,
2026-09-07,969438,07adb3bc09ce7606bbeb54fec0b7fdd48bb4ca6eb98e4c1b66b71fd71c9c2ffc,neoxa,deposit,0.32510608,123.54,bc1qlrmjpgg0e5jrhmzyjmtgc6dfpdr66sps8vjl2q,
2026-09-07,969439,9eff2d563c9b18d14f5e2bd09b92a467d2750f1a75d99a95682fd0ab746cd341,neoxa,deposit,0.34896298,132.61,17CPkViFxJarMaybkjPGrCHu869ykKo8x9,
2026-09-07,969441,d0781d8f11baf106df3a5991c9b278633e211a127b4718c5fab3ac2c0e140fda,neoxa,withdrawal,13.61032718,5171.92,1G2ryX4gT1HkZnXc3mtvmphzHkkrrU4kTh,
2026-09-07,969441,d0781d8f11baf106df3a5991c9b278633e211a127b4718c5fab3ac2c0e140fda,neoxa,withdrawal,11.01582636,4186.01,bc1q90x2pwafxjw0uwv74fm3fymhcye23uku0k7ld8,
2026-09-07,969441,46e6293ee8dfe3b0cb766217c3b3bc6fea1bb3f3cd0520054f34c08cca04859a,neoxa,withdrawal,1.08256023,411.37,bc1qsrtk8yyxhwxqjwu88lc5sudmd0hem6u34ax0ay,
2026-09-07,969445,fcd5dd5b44cd9978ed2f2a9d25f81653e11dd8d4299690cbc15e4dec28dd73d1,neoxa,deposit,0.26247430,99.74,1KLEnfj3PWyBNuREvBETFqALpotRCbReC4,
2026-09-07,969445,fcd5dd5b44cd9978ed2f2a9d25f81653e11dd8d4299690cbc15e4dec28dd73d1,neoxa,deposit,0.25490803,96.87,1KLEnfj3PWyBNuREvBETFqALpotRCbReC4,
2026-09-07,969445,fcd5dd5b44cd9978ed2f2a9d25f81653e11dd8d4299690cbc15e4dec28dd73d1,neoxa,deposit,0.96729112,367.57,1KLEnfj3PWyBNuREvBETFqALpotRCbReC4,
2026-09-07,969456,325b51362a736116c2525f1aec1b22b87df90919aef4e3cee908504af87f7207,neoxa,deposit,0.69917074,265.68,18ZYqHQHjBoSqpPUnapjZeSYgCBzy69E3e,
2026-09-07,969456,325b51362a736116c2525f1aec1b22b87df90919aef4e3cee908504af87f7207,neoxa,deposit,0.42817771,162.71,18ZYqHQHjBoSqpPUnapjZeSYgCBzy69E3e,
2026-09-07,969456,325b51362a736116c2525f1aec1b22b87df90919aef4e3cee908504af87f7207,neoxa,deposit,0.49953269,189.82,18ZYqHQHjBoSqpPUnapjZeSYgCBzy69E3e,
2026-09-07,969456,325b51362a736116c2525f1aec1b22b87df90919aef4e3cee908504af87f7207,neoxa,deposit,0.56065716,213.05,18ZYqHQHjBoSqpPUnapjZeSYgCBzy69E3e,
2026-09-07,969456,325b51362a736116c2525f1aec1b22b87df90919aef4e3cee908504af87f7207,neoxa,deposit,0.67809662,257.68,18ZYqHQHjBoSqpPUnapjZeSYgCBzy69E3e,
2026-09-07,969456,325b51362a736116c2525f1aec1b22b87df90919aef4e3cee908504af87f7207,neoxa,deposit,0.33478456,127.22,18ZYqHQHjBoSqpPUnapjZeSYgCBzy69E3e,
2026-09-07,969456,325b51362a736116c2525f1aec1b22b87df90919aef4e3cee908504af87f7207,neoxa,deposit,0.48833925,185.57,18ZYqHQHjBoSqpPUnapjZeSYgCBzy69E3e,
2026-09-07,969456,325b51362a736116c2525f1aec1b22b87df90919aef4e3cee908504af87f7207,neoxa,deposit,0.61321221,233.02,18ZYqHQHjBoSqpPUnapjZeSYgCBzy69E3e,
2026-09-07,969456,325b51362a736116c2525f1aec1b22b87df90919aef4e3cee908504af87f7207,neoxa,deposit,2.43094192,923.76,18ZYqHQHjBoSqpPUnapjZeSYgCBzy69E3e,
2026-09-07,969457,4fc86ed41e0e4ae83a740e47e498df1d912c307df94519d70ad8f6f1aa250447,neoxa,deposit,4.97896441,1892.01,bc1qqme26fvym0sl2568g3wn8dytt280jyhs7ln7m3,
2026-09-07,969457,67222dccea02d2df2d8d4f32eeb7d5e5790a8ded9a11b25978d562c55fa978aa,neoxa,deposit,1.07136858,407.12,bc1qqme26fvym0sl2568g3wn8dytt280jyhs7ln7m3,
2026-09-07,969460,3da0730a3862324061983c92554a02c4fd8f46bd7347bc3bc7c947f90d94d060,neoxa,deposit,3.77499987,1434.5,bc1qqme26fvym0sl2568g3wn8dytt280jyhs7ln7m3,
2026-09-07,969461,aeeef29bad2a0a061b4cdabce9aa03afb1df935604664a61d395217554d9e3e2,neoxa,deposit,0.58989645,224.16,bc1qlrmjpgg0e5jrhmzyjmtgc6dfpdr66sps8vjl2q,
2026-09-07,969461,2aa3f059a4c70511f9457623e0e2560a261e11a2f1ae401e2cdeaaf904b06774,neoxa,deposit,0.49710000,188.9,1CjqQjP7pyKZBbK3f94iDYS4MZH2ZQwBf8,
2026-09-07,969462,fcdc0772879400bead76416abb5c0cf5d368595d9044e76c9091b58e5b19d743,neoxa,withdrawal,18.93982376,7159.25,1P8rsp5ZDaGZFTfiCLhGM1oGukxY8NR1S1,
2026-09-07,969462,fcdc0772879400bead76416abb5c0cf5d368595d9044e76c9091b58e5b19d743,neoxa,withdrawal,1.04095000,393.48,bc1qsyk42tevztun0d90jzl0hz7zvewf705w66az6a,
2026-09-07,969462,0b7897b7bb0b7bc073d9a116eec83b5a548f4c8108badbde5dea3f031b2dfc3d,neoxa,deposit,0.83580000,315.93,1EncKs9FWy8i6DPo5nPopnD3H9eqho43fU,
2026-09-07,969462,0283669759531d66c245cc5aa66364a1005ec8068220d08a3c26a075ca6ba758,neoxa,deposit,0.29769425,112.53,bc1qlrmjpgg0e5jrhmzyjmtgc6dfpdr66sps8vjl2q,
2026-09-07,969463,39837b9e05af3d2e582805022196885217defd989a5addb8d177ab406a403fd1,neoxa,withdrawal,2.00258147,756.98,bc1qnem37hqgc7hxhg0pke52ucth3vuxyk2znnu3ac,
2026-09-07,969463,39837b9e05af3d2e582805022196885217defd989a5addb8d177ab406a403fd1,neoxa,withdrawal,0.40932245,154.72,13t6Lts8ii8RxUGuUoBxZmeTDQb5YAJFmd,
2026-09-07,969463,115f2fedcb1b2ce3ba5c7b0ebe19af87f4ed0c00ae44ddca9a091df6cf92fbab,neoxa,withdrawal,1.04071596,393.39,bc1qykq8txy65s9mfvphka7lcm4a6z0e9qtx3sar8c,
2026-09-07,969463,21c91095f00818bb4d5bc34563670827209786da5e904102a6abc772410ec9e8,neoxa,deposit,1.23650000,467.4,1EncKs9FWy8i6DPo5nPopnD3H9eqho43fU,
2026-09-07,969464,d051d1bbd0077e1c823f5e394c7927dd30a9c5289afabec7583abb781cc6a04a,neoxa,withdrawal,0.52931895,200.08,bc1qjde4l87s7ats0khultr3q74sa8ytg4e9g0j4f5,
2026-09-07,969464,13e89c544fa8872ee5f0ac7f31661a768421d3d308a319d9be9b63b66d048f32,neoxa,deposit,0.29383325,111.07,18XG6wYpaRhLdanJDWsoMtKiytxWLh2qzW,
2026-09-07,969465,b944a05843afa76c2bbe888c924c3afcd9a1f1747e02302391433fedd193aceb,neoxa,withdrawal,0.45072782,170.38,1DLQLGvmpLBXFrkJ3p88NCvSgqwKjh7Vxi,
2026-09-07,969465,b944a05843afa76c2bbe888c924c3afcd9a1f1747e02302391433fedd193aceb,neoxa,withdrawal,0.35786797,135.27,bc1qrpql6x2dpzdmz2l93a6w0xzk27hakx6grvewxu,
2026-09-07,969468,7bef0afc2f2ed319e845e02471266d236da8ea4132fc6783bd76ee9a667dc04a,neoxa,withdrawal,7.37485314,2787.69,bc1ql3fvfhazuj0tn3rwp5802sk5tepll5g87j5r9x,
2026-09-07,969470,63edc57db7d0487710ca1226a6261d737acaef8c23997c1b183396856e0bd518,neoxa,deposit,0.51400000,194.29,1EncKs9FWy8i6DPo5nPopnD3H9eqho43fU,
2026-09-07,969470,d5eb2fbf0bdd1275e6b50b3c549aa0d2a1f8bea45d577528c0147f99cc2d7080,neoxa,deposit,0.60823505,229.91,1CdMRbV5iYzzP6hLh8vLKdQPdiJ2foFA1R,
2026-09-07,969472,ed7cec1cb9c0a37b8237a91a3f9067295d3d71e0a8683450079b3ac828747c64,neoxa,withdrawal,3.24088873,1225.06,bc1qwkcm6unspwz33nkkgxysc8mlcmht5eu7p89ueh,
2026-09-07,969472,4fb8d972de772f20b55e415c0394b604fb88aa20399c0f29f62cae2a45a76a16,neoxa,deposit,1.24340000,470.01,1EncKs9FWy8i6DPo5nPopnD3H9eqho43fU,
2026-09-07,969472,73859aea7b42bb2fd6be07f436e8db151e9a4e8fce87340c689176ff675b38a1,neoxa,deposit,0.44757841,169.18,bc1q8sdjz2f6l3fcfs22340yqdvzakxxwax0et75wp,
2026-09-07,969472,6597b1880f302aae356d8b77dba7a01321e53c09bc5df00003fd9bbe947b7999,neoxa,deposit,0.30351662,114.73,bc1qlrmjpgg0e5jrhmzyjmtgc6dfpdr66sps8vjl2q,
2026-09-07,969473,11f162c95a67c8bf3f23abf92b22a243f4c54a6c6088a41de820dc6371fcff5f,neoxa,deposit,0.35628065,134.67,bc1qqme26fvym0sl2568g3wn8dytt280jyhs7ln7m3,
2026-09-07,969473,018d35dffdcfd1b68b8b54775457976d2152780b5576980fc6a298dba995d9eb,neoxa,deposit,2.07854270,785.69,bc1qqme26fvym0sl2568g3wn8dytt280jyhs7ln7m3,
2026-09-07,969475,2b56c47d0fdd71fdd0275842feed6b087c080034757beaab16bf84ff6f039959,neoxa,withdrawal,6.90737696,2610.99,bc1q73xv9sa62xfcncgfqvmt2e3mcangwktu5y0k86,
2026-09-07,969475,50ca0abd7327748a9aeddb77aefc32b86acf9107416aabbd30b12a316e59b88e,neoxa,withdrawal,1.03393055,390.83,bc1qyn9q2y00ctndtlmcvymd95ek724c9fhp85duqw,
2026-09-07,969478,e0855343adf9b452de0d0100eda7e16e25ce28505775cf2c8aba561d2244af7d,neoxa,deposit,0.25604495,96.78,191fDojHmxk1XH9ucHaRM6F6dBEzxY2GhU,
2026-09-07,969478,e0855343adf9b452de0d0100eda7e16e25ce28505775cf2c8aba561d2244af7d,neoxa,deposit,0.89342500,337.71,191fDojHmxk1XH9ucHaRM6F6dBEzxY2GhU,
2026-09-07,969480,bf7ed3fa15cc57f39a5d19906fc8a43e71623b69d4d02f3e58ca03979c5b32fe,neoxa,withdrawal,7.08847207,2679.44,1ECt9oisS71Gksz2hoLSphVB8Z2Gv8bMrx,
2026-09-07,969480,bf7ed3fa15cc57f39a5d19906fc8a43e71623b69d4d02f3e58ca03979c5b32fe,neoxa,withdrawal,13.90839911,5257.37,bc1ql3fvfhazuj0tn3rwp5802sk5tepll5g87j5r9x,
2026-09-07,969480,a1992aac3711b72441e1cb4b586bb11fb0920a8900d00a80468bd0aa6e82b27f,neoxa,deposit,18.58490000,7025.09,1By8prQMbUciuccQuRFBsyeqFUmbudM1Cd,
2026-09-07,969480,29676e34d491f9118715f1bbf4a874b923fa5797a73cdcbf22e15c1bf7c18adf,neoxa,withdrawal,2.62447975,992.05,1H1DY2XNbt5jzYEtgD4HjEDpoedcFftyFh,
2026-09-07,969480,29676e34d491f9118715f1bbf4a874b923fa5797a73cdcbf22e15c1bf7c18adf,neoxa,withdrawal,4.59758223,1737.89,bc1q2hjcvr0wc3gma7yrqz4ggrepguajrd4c9yl3uc,
2026-09-07,969483,1ae4caf9cb108abe4d1328a15439d038b45f7b71f3b3392d78a94a10f6c201a0,neoxa,deposit,0.49923299,188.71,bc1qlrmjpgg0e5jrhmzyjmtgc6dfpdr66sps8vjl2q,
2026-09-07,969485,b0796929888c1fa41d238be964029fcb3fba4020b42ae7c5b266b3b08395fcda,neoxa,withdrawal,0.42446819,160.45,bc1q3lgvdk3axzath2k3hawa5t4hx4t94vqfmlnxhd,
2026-09-07,969486,e69fe07683c0c13c7f465cbb90930a6e4c35f22a8d92bea8195165365bfa6e32,neoxa,deposit,0.44491809,168.18,bc1qlrmjpgg0e5jrhmzyjmtgc6dfpdr66sps8vjl2q,
2026-09-07,969488,3654600e72cd96126cefa2334bdd50b8540e95ca2b69994f012e285c452b6088,neoxa,withdrawal,3.01327979,1265.58,bc1qrkln9wrppluq0uu9sdlgkhsmtel2tazhqcgmqp,
2026-09-07,969489,7bf323df02c505f5a5fdf4e982ac91e8d4987a0ae2a75fd2bd36834d585fa225,neoxa,deposit,1.04603726,439.34,bc1qqme26fvym0sl2568g3wn8dytt280jyhs7ln7m3,
2026-09-07,969489,47a645f2b0e5a20bce1e6c559b40c6e2c95d350b15c467981baba749d37589ba,neoxa,deposit,1.21755459,511.37,bc1qqme26fvym0sl2568g3wn8dytt280jyhs7ln7m3,
2026-09-07,969492,0c204447cc6f62810a287a9fed6b2364773965e8a3dc73ef515016c18ff3e0c3,neoxa,deposit,1.13050000,474.81,1EncKs9FWy8i6DPo5nPopnD3H9eqho43fU,
2026-09-07,969493,879f4e276c361a91cf87c1de9b1c75a83abc7f5618bec80d9633e47f94bb2fcf,neoxa,deposit,4.08780000,1716.88,1EncKs9FWy8i6DPo5nPopnD3H9eqho43fU,
2026-09-07,969494,45d488e671e003414470d4040dd92632f93246aba35f5f3a40c2d37803375605,neoxa,withdrawal,10.19091592,3903.12,bc1q2dtz62vh2pnvplwjd24yg5rrc7eu4f0ma586h7,
2026-09-07,969494,cf009a6b08311cc4cf2c0785f7606c3ff043f112bbee48a866c609f9dcde2229,neoxa,deposit,3.46050950,1325.38,bc1qkkx99sqtza3zzaaxhpfcmvzjlqfkpfdu40aflm,
2026-09-07,969497,04ab38c305bd097ef9d49c521d26b4574f3e6ae40db3776cb4e93873aea44028,neoxa,withdrawal,0.31797110,121.78,bc1q9p7qpqstnkv0garzwus44gcavg8sqyga7xk3p7,
2026-09-07,969498,a72b252c7ec964c42df9757f857d92e45fa49d0f1aa440fe8896f80158609ee8,neoxa,withdrawal,16.29828876,6242.24,bc1qmn65skkhrka5n8pzdk73pqm723hyvsk5feyyux,
2026-09-07,969498,a72b252c7ec964c42df9757f857d92e45fa49d0f1aa440fe8896f80158609ee8,neoxa,withdrawal,2.96818373,1136.81,16gacpkamNDGAkiRJJymkWJYiGEngTFq3F,
2026-09-07,969500,fef5308a3b7ca0c76ae468b793673a8b7f1409a5e26984a8dd2156c179e1836b,neoxa,withdrawal,1.72926057,662.31,1JvTmJgUSgn1UimugsLefFsBUJnmD6k19Y,
2026-09-07,969500,fef5308a3b7ca0c76ae468b793673a8b7f1409a5e26984a8dd2156c179e1836b,neoxa,withdrawal,1.24827707,478.09,bc1qgee9z3e9qedqz6hf029pmz5ap0ehqqf7xtzswc,
2026-09-07,969501,d15d1f77a9174ca4aeae545bb06b1fdf4d3789c771f3d9f984945d1346ce15d8,neoxa,deposit,0.44000389,168.52,bc1qwxrk4axma5q3khhkwgclh62kkr4heyzvvm3ynr,
2026-09-07,969503,f4194f371ebf775d46e6e98c84158cdbf25deb35e7bc45092070181edeb2de85,neoxa,withdrawal,0.32339182,123.86,1F5UUJ7yxm96euG4RBtZJ6YL1hXrMmtyAJ,
2026-09-07,969503,f4194f371ebf775d46e6e98c84158cdbf25deb35e7bc45092070181edeb2de85,neoxa,withdrawal,3.70759795,1420.01,bc1q0zfmz2n2h852z7kcrl479eea5zl9p795rcjegu,
2026-09-07,969503,a4dbce16ab2cf4d47295d05291560680d625ce92854cec60299a791a96169041,neoxa,withdrawal,2.12280910,813.04,bc1qruqwjd0hfte66xv9klntgjmt4f0ddnjxhw3zpn,
2026-09-07,969508,8cdb43915f401a6f11656426a760c515c052e67f232f2ab7c477f8d134873720,neoxa,withdrawal,0.46835767,179.38,bc1qsk0s24qzrhpwhk9aasy60z9nlw6ws02nmgccxx,
2026-09-07,969510,3db89e12438188f6505f4c7c02f2be6ba4a9707b4e3556d78fffaae4a1abc268,neoxa,deposit,3.00000000,1149.0,bc1q0eu4jaj4g293urvrxcf5kn5tayfzwlyznqxup9,
2026-09-07,969510,c56920d452436bc0dbc3a9c1cbb31840972d8aab14340535234f889f8d1ab9d7,neoxa,withdrawal,6.41451037,2456.76,1M1nmnBowLjfFL4FDohzoFhMgV6vy96FA1,
2026-09-07,969510,c56920d452436bc0dbc3a9c1cbb31840972d8aab14340535234f889f8d1ab9d7,neoxa,withdrawal,0.85933855,329.13,1PEbfcXVAhDDxBRfJFqYQ4XHGnFc4NztSZ,
2026-09-07,969510,b49c82eb58fade4f5464b00a4cc67b061451b33471fbe72b8abed411a9c19823,neoxa,deposit,0.94953542,363.67,1CPpdJaRf2X8uCUXNkUFNRaSM2bbXqinJw,
2026-09-07,969510,b49c82eb58fade4f5464b00a4cc67b061451b33471fbe72b8abed411a9c19823,neoxa,deposit,0.47708451,182.72,1CPpdJaRf2X8uCUXNkUFNRaSM2bbXqinJw,
2026-09-07,969510,b49c82eb58fade4f5464b00a4cc67b061451b33471fbe72b8abed411a9c19823,neoxa,deposit,0.65074535,249.24,1CPpdJaRf2X8uCUXNkUFNRaSM2bbXqinJw,
2026-09-07,969510,b49c82eb58fade4f5464b00a4cc67b061451b33471fbe72b8abed411a9c19823,neoxa,deposit,0.76052916,291.28,1CPpdJaRf2X8uCUXNkUFNRaSM2bbXqinJw,
2026-09-07,969510,b49c82eb58fade4f5464b00a4cc67b061451b33471fbe72b8abed411a9c19823,neoxa,deposit,0.86817081,332.51,1CPpdJaRf2X8uCUXNkUFNRaSM2bbXqinJw,
2026-09-07,969510,b49c82eb58fade4f5464b00a4cc67b061451b33471fbe72b8abed411a9c19823,neoxa,deposit,0.43659931,167.22,1CPpdJaRf2X8uCUXNkUFNRaSM2bbXqinJw,
2026-09-07,969510,b49c82eb58fade4f5464b00a4cc67b061451b33471fbe72b8abed411a9c19823,neoxa,deposit,0.60037831,229.94,1CPpdJaRf2X8uCUXNkUFNRaSM2bbXqinJw,
2026-09-07,969510,b49c82eb58fade4f5464b00a4cc67b061451b33471fbe72b8abed411a9c19823,neoxa,deposit,0.81535522,312.28,1CPpdJaRf2X8uCUXNkUFNRaSM2bbXqinJw,
2026-09-07,969510,b49c82eb58fade4f5464b00a4cc67b061451b33471fbe72b8abed411a9c19823,neoxa,deposit,2.67180065,1023.3,1CPpdJaRf2X8uCUXNkUFNRaSM2bbXqinJw,
2026-09-07,969511,2a516967abc1155588935e9df4cbf4c2bf841e8255d9df7d62f762d921fddfaa,neoxa,withdrawal,117.44738960,44982.35,1GYQCWGxUEtSjEcx45pqEgF1tWBFpv1BAy,
2026-09-07,969511,2a516967abc1155588935e9df4cbf4c2bf841e8255d9df7d62f762d921fddfaa,neoxa,withdrawal,3.17798531,1217.17,bc1qjuxs8h2cuj3kzcv3rlavs37tzr5vt5ffr0jhk9,
2026-09-07,969512,e4ac7e16a54efa85f55fa4c09c0344fd97be596b2b2444798332da8dbe5ae190,neoxa,withdrawal,2.88307324,1104.22,bc1qdtuz4e9940v29qqa03qr67lhddq54a20tse4xv,
2026-09-07,969512,e4ac7e16a54efa85f55fa4c09c0344fd97be596b2b2444798332da8dbe5ae190,neoxa,withdrawal,0.81473931,312.05,14QixKRuq2UGXEE97KUJoAXKngazY94tHc,
2026-09-07,969512,4d338f2be7f33f6c35367d581f9b064da938af6136462deecb75f9a1aff081d5,neoxa,deposit,0.28251025,108.2,bc1qlrmjpgg0e5jrhmzyjmtgc6dfpdr66sps8vjl2q,
2026-09-07,969518,5287bf9f4680b37a23057705e931421853dcb122d7cd1b05a5885436aec1ee01,neoxa,deposit,1.26766988,425.94,bc1qqme26fvym0sl2568g3wn8dytt280jyhs7ln7m3,
2026-09-07,969519,c7c3e9edaf0c3ad6d5ecb4688babbfa2d8675d6cb0e9eaa62035175e1f7e1eb8,neoxa,deposit,0.36634098,123.09,1GnCMJbbmGM6qJSqcUdbseCSu961s7M916,
2026-09-07,969519,c7c3e9edaf0c3ad6d5ecb4688babbfa2d8675d6cb0e9eaa62035175e1f7e1eb8,neoxa,deposit,0.31273251,105.08,1GnCMJbbmGM6qJSqcUdbseCSu961s7M916,
2026-09-07,969519,c7c3e9edaf0c3ad6d5ecb4688babbfa2d8675d6cb0e9eaa62035175e1f7e1eb8,neoxa,deposit,0.37106477,124.68,1GnCMJbbmGM6qJSqcUdbseCSu961s7M916,
2026-09-07,969519,c7c3e9edaf0c3ad6d5ecb4688babbfa2d8675d6cb0e9eaa62035175e1f7e1eb8,neoxa,deposit,0.26616434,89.43,1GnCMJbbmGM6qJSqcUdbseCSu961s7M916,
2026-09-07,969519,c7c3e9edaf0c3ad6d5ecb4688babbfa2d8675d6cb0e9eaa62035175e1f7e1eb8,neoxa,deposit,0.33249780,111.72,1GnCMJbbmGM6qJSqcUdbseCSu961s7M916,
2026-09-07,969519,c7c3e9edaf0c3ad6d5ecb4688babbfa2d8675d6cb0e9eaa62035175e1f7e1eb8,neoxa,deposit,1.10212741,370.31,1GnCMJbbmGM6qJSqcUdbseCSu961s7M916,
2026-09-07,969521,90246ddb3abf023f0cc7996ef577e987a009ffae62d1b1d8c116789ad55c1683,neoxa,deposit,0.26575968,89.3,bc1qlrmjpgg0e5jrhmzyjmtgc6dfpdr66sps8vjl2q,
2026-09-07,969522,6131f770fc298b0bf2744c3384bfbc1e9222d2149ecb1abe5815fa8740bda734,neoxa,deposit,0.26449430,88.87,12ACqz9KmkLCxoV9dLLh8rhrq4zZqvMFrE,
2026-09-07,969528,2e78bf8275dbf04c0d4328269fe9379b31d5be4404e2a9a16508bf89090d8f8c,neoxa,deposit,0.60000000,201.6,159QpkvzC5EfX8WTSP5AVNNjPM7mAt48Lh,
2026-09-07,969528,1e4f0d4f8053c9f2882addd90f374a8df18a07d8b95bea6c60d6fa9e4e461f17,neoxa,withdrawal,0.89077147,299.3,bc1qf03cnrgyc96jwcf2fmsaez2g5uewuj0y6cka2t,
2026-09-07,969528,1e4f0d4f8053c9f2882addd90f374a8df18a07d8b95bea6c60d6fa9e4e461f17,neoxa,withdrawal,1.25812332,422.73,1AZ4wjS4f5gkDRkwRDfF7givkwzXDMnCXD,
2026-09-07,969528,56f5ca9113ab9649ca3ac435fa4244e6c543eed90549f6646a4aa76852908ec4,neoxa,withdrawal,0.50000000,168.0,bc1qwzpgteyv4pfj592htelke3mcn53sq37tcuvrcn,
2026-09-07,969534,a706b56cac3fa11c2f18493d50cf95f788d26d8246df3a05c4e09cf3fecabc84,neoxa,deposit,13.99990000,4703.97,1Nm91BTFGH5hPzfTaZtQRR9CCJBUoRAJMP,
2026-09-07,969534,4d69ab9513976c5a3d6e52dd297abf525b02c5dec5a6b088264f2cd2cb05f740,neoxa,deposit,0.53109364,178.45,bc1qlrmjpgg0e5jrhmzyjmtgc6dfpdr66sps8vjl2q,
2026-09-07,969534,4d69ab9513976c5a3d6e52dd297abf525b02c5dec5a6b088264f2cd2cb05f740,neoxa,deposit,0.27000609,90.72,bc1qlrmjpgg0e5jrhmzyjmtgc6dfpdr66sps8vjl2q,
2026-09-07,969534,4d69ab9513976c5a3d6e52dd297abf525b02c5dec5a6b088264f2cd2cb05f740,neoxa,deposit,0.37790366,126.98,bc1qlrmjpgg0e5jrhmzyjmtgc6dfpdr66sps8vjl2q,
2026-09-07,969534,4d69ab9513976c5a3d6e52dd297abf525b02c5dec5a6b088264f2cd2cb05f740,neoxa,deposit,0.47530871,159.7,bc1qlrmjpgg0e5jrhmzyjmtgc6dfpdr66sps8vjl2q,
2026-09-07,969534,4d69ab9513976c5a3d6e52dd297abf525b02c5dec5a6b088264f2cd2cb05f740,neoxa,deposit,0.52068865,174.95,bc1qlrmjpgg0e5jrhmzyjmtgc6dfpdr66sps8vjl2q,
2026-09-07,969534,4d69ab9513976c5a3d6e52dd297abf525b02c5dec5a6b088264f2cd2cb05f740,neoxa,deposit,0.47036848,158.04,bc1qlrmjpgg0e5jrhmzyjmtgc6dfpdr66sps8vjl2q,
2026-09-07,969534,4d69ab9513976c5a3d6e52dd297abf525b02c5dec5a6b088264f2cd2cb05f740,neoxa,deposit,0.47294804,158.91,bc1qlrmjpgg0e5jrhmzyjmtgc6dfpdr66sps8vjl2q,
2026-09-07,969534,4d69ab9513976c5a3d6e52dd297abf525b02c5dec5a6b088264f2cd2cb05f740,neoxa,deposit,1.59284381,535.2,bc1qlrmjpgg0e5jrhmzyjmtgc6dfpdr66sps8vjl2q,
2026-09-07,969535,95d93ca4efaeb518c3bc04c0af384ae4fe088d7c18521c4cc05f2359cdb977e5,neoxa,withdrawal,59.90604510,20547.77,17HXwGmjLWD7nRRj1aA8M35PnpVeGn6uAo,
2026-09-07,969535,95d93ca4efaeb518c3bc04c0af384ae4fe088d7c18521c4cc05f2359cdb977e5,neoxa,withdrawal,6.21842001,2132.92,bc1qy8lvakmyqsm5jq9wn2mad0mf46plyskv4dqpzu,
2026-09-07,969535,9cc53281592215d8759330561e64d642eff786508c1d52d969337ee807d4723f,neoxa,withdrawal,0.41380000,141.93,bc1qzvehrevx78996uzm07nvcvjerwp8wptw4fz0j4,
2026-09-07,969537,ee1cea626b59e58ea251f5b4b23c235512630d1edf86d0f0c4fe5bd27a90b55b,neoxa,withdrawal,0.68357276,234.47,bc1qjuxs8h2cuj3kzcv3rlavs37tzr5vt5ffr0jhk9,
2026-09-07,969539,8d089f066ae99b38719b1ffc7642f1701e426a34f52a802182832fd3001d0ae4,neoxa,withdrawal,13.76140842,4720.16,bc1qvcv5n50mfxar49e665eeqwx82qas2edmk08xlc,
2026-09-07,969539,c059322a18f06de0839d46d84cd450a0c7f2114ac3aebd40d29183e063c3225c,neoxa,deposit,0.44920000,154.08,1EncKs9FWy8i6DPo5nPopnD3H9eqho43fU,
2026-09-07,969540,0b558bde04d70c585da1f77d9733b5ef8d8c0045b0881fe80ab809b0a7f59c70,neoxa,deposit,3.57600000,1226.57,1EncKs9FWy8i6DPo5nPopnD3H9eqho43fU,
2026-09-07,969541,b555f3f8b2aae5435646bd1a73a8d5fe46fbd59f750562cb58165d2c3ed925a9,neoxa,deposit,0.60000000,205.8,bc1pxm53geszez4ktmres8fwex3wsgkztulrsa0gwrk9vwns2mnwjhns0syss3,
2026-09-07,969542,5cd8ce08f05d8036b2e9d3aab4a8f30dfc9df3ab9a6177c5ee96109a95870bb5,neoxa,withdrawal,3.51877462,1206.94,1GsUwXNUjKdhAh8LRaBw441EBSnkVjE86x,
2026-09-07,969542,5cd8ce08f05d8036b2e9d3aab4a8f30dfc9df3ab9a6177c5ee96109a95870bb5,neoxa,withdrawal,10.00000000,3430.0,bc1qyk2fem4d77lu0erx00deeswvfra6gt3gt04fj3,
2026-09-07,969542,4efc65b3568f865ce0d8276e422a0d6337e001a2b197755a359a1a11a7099ae1,neoxa,withdrawal,1.60252300,549.67,13cQFG44XoSx3xZ2yJiJSyKtMRJKo1uimb,
2026-09-07,969542,4efc65b3568f865ce0d8276e422a0d6337e001a2b197755a359a1a11a7099ae1,neoxa,withdrawal,1.60259213,549.69,bc1qhhtkup7gv7mrzd7jvyhfuxucxf7eamhqk0zr08,
2026-09-07,969542,03c243e6e6b36fde3be8e74394680a725dd02edf008c14c0d2388d54682e6be7,neoxa,deposit,1.27360000,436.84,1EncKs9FWy8i6DPo5nPopnD3H9eqho43fU,
2026-09-07,969542,03c243e6e6b36fde3be8e74394680a725dd02edf008c14c0d2388d54682e6be7,neoxa,deposit,1.04570000,358.68,1EncKs9FWy8i6DPo5nPopnD3H9eqho43fU,
2026-09-07,969544,afe21b718c16d83c102672bbb47724b7e6781ac41d7d68d9cb3d76196c50eadd,neoxa,withdrawal,308.21073832,104175.23,1MDz5Z7a1EMKATzdznx14rpxyXz2zShYfc,
2026-09-07,969544,afe21b718c16d83c102672bbb47724b7e6781ac41d7d68d9cb3d76196c50eadd,neoxa,withdrawal,8.29447880,2803.53,bc1qxnptsl6gv22zfsyky0a5ey3les0jytgf2mw77x,
2026-09-07,969544,e6a51b97e03e78d3d78dd2e5d5f83830a8ce6ea6546ae913f7bb99e07938e10f,neoxa,withdrawal,10.00000000,3380.0,bc1q6kur6dyr9dzpc35r9f5wl08grqje3hyh5mt4dl,
2026-09-07,969544,0abcaaba5329ebfd6e778abf21e11e5c35b7cbe2f04328d5b1a3330fc77b474c,neoxa,withdrawal,10.00000000,3380.0,bc1qc6maa3uw4drekj9xn7ead7xqkxst6pr3c3fr24,
2026-09-07,969544,8f71ae6b56bddbabce6a6067b977e90ee78fb9e67af222ef5a50b17a3649c177,neoxa,withdrawal,1.04863454,354.44,1M1Xp6KSvBD18hJ5C8pm5WjEVkAHnHGAWr,
2026-09-07,969544,36c5d49adcd7fd173c0f05a190adda9fe84ab70e82c9b31dfccc79bece551bde,neoxa,deposit,0.71978357,243.29,bc1qlrmjpgg0e5jrhmzyjmtgc6dfpdr66sps8vjl2q,
2026-09-07,969545,9036dcab1fd9b6962084d187289e6519e57d3c57157c683b6603edbc7cfe59d4,neoxa,deposit,1.41573931,478.52,bc1qqme26fvym0sl2568g3wn8dytt280jyhs7ln7m3,
2026-09-07,969545,74c529daf0bff4a288569f06e3bc4bc69afe88e13d255d6872f186e082186275,neoxa,deposit,1.21109307,409.35,bc1qqme26fvym0sl2568g3wn8dytt280jyhs7ln7m3,
2026-09-07,969547,524e2f23c63f09a7f06190b14a6c5a6d4379adff16be65aad19e00df5a5e653c,neoxa,withdrawal,1.00152200,338.51,1M1Xp6KSvBD18hJ5C8pm5WjEVkAHnHGAWr,
2026-09-07,969548,473bfebd0ae6b4fc7f0512386b03bce78fcd417c7ba31848994abdc10d934b73,neoxa,deposit,1.69090000,571.52,1EncKs9FWy8i6DPo5nPopnD3H9eqho43fU,
2026-09-07,969548,2cf39d755fda9ed0ca9cb112065e2ffb8d861f25cf7a1461fa24b1bb201b79f7,neoxa,deposit,0.30509278,103.12,bc1qqme26fvym0sl2568g3wn8dytt280jyhs7ln7m3,
2026-09-07,969551,c84ae0f3d1fdf809941761c6b04ce68df809a87558fe7a46b2b3917063c5a140,neoxa,deposit,4.12630000,1394.69,1EncKs9FWy8i6DPo5nPopnD3H9eqho43fU,
2026-09-07,969551,8c5e2ff0914d80f4f57cab28817a2ff86353f2f2c089557074384dfd2a2a4989,neoxa,withdrawal,0.58063212,196.25,1QJynvcsbgDZ4p5NL8kZYurqBrK37A4WwS,
2026-09-07,969555,d63df4221e665da0d48f1998cf8158e4f6bdce7226e397ac5066f94a7d40888b,neoxa,withdrawal,2.54419823,859.94,bc1q29hdjgevk4hcdarvz86s7aljlcnu9l4exewhz0,
2026-09-07,969555,d63df4221e665da0d48f1998cf8158e4f6bdce7226e397ac5066f94a7d40888b,neoxa,withdrawal,2.22120859,750.77,14bFuGg532JFDs5siQVFs4XMa93Ey34DMa,
2026-09-07,969555,f7abb8e55fd35315432b903be92a041f1513819af0e4307c46a3446c22a935d8,neoxa,deposit,0.48822069,165.02,bc1qlrmjpgg0e5jrhmzyjmtgc6dfpdr66sps8vjl2q,
2026-09-07,969555,f7abb8e55fd35315432b903be92a041f1513819af0e4307c46a3446c22a935d8,neoxa,deposit,0.26019786,87.95,bc1qlrmjpgg0e5jrhmzyjmtgc6dfpdr66sps8vjl2q,
2026-09-07,969555,f7abb8e55fd35315432b903be92a041f1513819af0e4307c46a3446c22a935d8,neoxa,deposit,0.33844944,114.4,bc1qlrmjpgg0e5jrhmzyjmtgc6dfpdr66sps8vjl2q,
2026-09-07,969555,f7abb8e55fd35315432b903be92a041f1513819af0e4307c46a3446c22a935d8,neoxa,deposit,0.43619859,147.44,bc1qlrmjpgg0e5jrhmzyjmtgc6dfpdr66sps8vjl2q,
2026-09-07,969555,f7abb8e55fd35315432b903be92a041f1513819af0e4307c46a3446c22a935d8,neoxa,deposit,0.46483246,157.11,bc1qlrmjpgg0e5jrhmzyjmtgc6dfpdr66sps8vjl2q,
2026-09-07,969555,f7abb8e55fd35315432b903be92a041f1513819af0e4307c46a3446c22a935d8,neoxa,deposit,0.41088676,138.88,bc1qlrmjpgg0e5jrhmzyjmtgc6dfpdr66sps8vjl2q,
2026-09-07,969555,f7abb8e55fd35315432b903be92a041f1513819af0e4307c46a3446c22a935d8,neoxa,deposit,0.45504000,153.8,bc1qlrmjpgg0e5jrhmzyjmtgc6dfpdr66sps8vjl2q,
2026-09-07,969555,f7abb8e55fd35315432b903be92a041f1513819af0e4307c46a3446c22a935d8,neoxa,deposit,1.38697868,468.8,bc1qlrmjpgg0e5jrhmzyjmtgc6dfpdr66sps8vjl2q,
2026-09-07,969561,5dee24a1c357afed6b38c1f6f9f58a3876616641e019a138cefe987a0b890a6b,neoxa,deposit,1.81871737,611.09,bc1qqme26fvym0sl2568g3wn8dytt280jyhs7ln7m3,
2026-09-07,969564,0f11942ebadcd2a4d55f5f36c2efc21bfcaa3e266b670ead004997a8d6b810ab,neoxa,withdrawal,0.58027965,194.97,bc1qrkke0upphpyhuyydslxa9r4lr5lykuhrha48vg,
2026-09-07,969565,6291ab3d201cb16b2693c3545c8f720503b412dfad4e797b085437e3aadc51a2,neoxa,withdrawal,0.68520233,230.23,bc1q3dh0hr447p04jnmr87uwq6v64gk48qcv0fvpk7,
2026-09-07,969566,4d0a9e8972a93ad821b1f7b17d3577a97b57b6c8bc9304319f622d1d41a6fdd5,neoxa,deposit,0.32645120,109.69,1FzQzUo3VujqhEsA9ASA8r2WvfEmFKVZG3,
2026-09-07,969566,4d0a9e8972a93ad821b1f7b17d3577a97b57b6c8bc9304319f622d1d41a6fdd5,neoxa,deposit,0.29405555,98.8,1FzQzUo3VujqhEsA9ASA8r2WvfEmFKVZG3,
2026-09-07,969566,4d0a9e8972a93ad821b1f7b17d3577a97b57b6c8bc9304319f622d1d41a6fdd5,neoxa,deposit,0.30953251,104.0,1FzQzUo3VujqhEsA9ASA8r2WvfEmFKVZG3,
2026-09-07,969566,4d0a9e8972a93ad821b1f7b17d3577a97b57b6c8bc9304319f622d1d41a6fdd5,neoxa,deposit,0.27578056,92.66,1FzQzUo3VujqhEsA9ASA8r2WvfEmFKVZG3,
2026-09-07,969566,4d0a9e8972a93ad821b1f7b17d3577a97b57b6c8bc9304319f622d1d41a6fdd5,neoxa,deposit,0.28093995,94.4,1FzQzUo3VujqhEsA9ASA8r2WvfEmFKVZG3,
2026-09-07,969566,4d0a9e8972a93ad821b1f7b17d3577a97b57b6c8bc9304319f622d1d41a6fdd5,neoxa,deposit,0.95565951,321.1,1FzQzUo3VujqhEsA9ASA8r2WvfEmFKVZG3,
2026-09-07,969567,f56a5efa868a4855afa46b1357f1e15f7a7edf297d90411174510f62ee0a2b8d,neoxa,deposit,0.62110000,208.69,1EncKs9FWy8i6DPo5nPopnD3H9eqho43fU,
2026-09-07,969572,93e318149166f0de2b229adc2b557fdfabde5698b5188cfa4aa5ef52076e6d3b,neoxa,deposit,1.35910000,462.09,1EncKs9FWy8i6DPo5nPopnD3H9eqho43fU,
2026-09-07,969572,9e373b25177df0872cfc8674ccf4c7015ee66c54b5baf483733bebf8f695d4ff,neoxa,deposit,0.78380000,266.49,1AD9sEFTpD4JXhEReJcSPoXa7RVvAHcvKn,
2026-09-07,969572,b46d30cd67b5bfcc06090aca9d8d4e89b65764f22147424bffa53100837c7365,neoxa,deposit,0.55022628,187.08,15eQ7XuFZKDLquaQ5mrfio6MMy6AVZj4Ch,
2026-09-07,969572,b46d30cd67b5bfcc06090aca9d8d4e89b65764f22147424bffa53100837c7365,neoxa,deposit,0.45535225,154.82,15eQ7XuFZKDLquaQ5mrfio6MMy6AVZj4Ch,
2026-09-07,969573,7748dddf89c1c478866071fc9607ecfea15c4bcc4c5f41ea8d48451732f04877,neoxa,withdrawal,1.02482859,348.44,bc1qj35ews4tjpptvceclg9ql9npl32zcxmvqm726a,
2026-09-07,969574,7a8e3143db4a60b20dd37f74494970c3968ce5589249fb40bf37b0f2f89e6143,neoxa,withdrawal,1.55142832,527.49,bc1qs9f9lhfcyrw3ejqfje9wxyu22mjfj4v9sv0e0c,
2026-09-07,969578,665780c4033a5deafc7c2cb8184db487dbbe9bf68ded75397bd86a0903aebd87,neoxa,deposit,0.89250000,303.45,1ASKqB34nCfkFmvvrdUqURk9g5QhMULVGH,
2026-09-07,969578,c55b0795bd9e2e511bb966671139589f6fde9fea844bbe88485c8adfba17a123,neoxa,deposit,0.58660273,199.44,152TwoUsFoZAv519jvFHN1WKuiHoCsBssh,
2026-09-07,969578,c55b0795bd9e2e511bb966671139589f6fde9fea844bbe88485c8adfba17a123,neoxa,deposit,0.47118017,160.2,152TwoUsFoZAv519jvFHN1WKuiHoCsBssh,
2026-09-07,969581,5df6019ccc39b88bd14478bf3dc506a82a5b2af0c78cb72bd4375a72e4f00b1c,neoxa,deposit,0.30002022,102.01,bc1qlrmjpgg0e5jrhmzyjmtgc6dfpdr66sps8vjl2q,
2026-09-07,969583,db02ad0c8d720a44a595642f69f676142be97ee8658f22665173bd010ba40fe4,neoxa,withdrawal,1.50086185,510.29,bc1q0ra23gdjxyuy4956zz42g5ppgqu0me9xzsat7c,
2026-09-07,969583,3b4966b02d30e270b37bc99dfdc14c5f572ce2a74c7703e3c00d2aeb2998d4de,neoxa,deposit,3.09695431,1052.96,bc1qd87ss7078ntj9wagtejtz7t4d4uk733lcjrp7g,
2026-09-07,969583,b35b56c2a2ca53870f6068ae0c1f29b7c0ae01f5bc8d3d3ae908771c6d50ad4e,neoxa,deposit,0.29944610,101.81,15N2vU59MdXa9fF5Nox4JeuLjxRQu2Yi4W,
2026-09-07,969584,9f3a464e1217439901cecd7caa3bc30b846886dc547de2bec3baff99b361a849,neoxa,withdrawal,1.04052559,353.78,bc1qtlx302tm7q5dqrzzlwnnjf7exs9t94ysdj5p6c,
2026-09-07,969584,4f86a65529561479b5f3a2b94be296036b1bd46cedf1f32b53b5e6fb61899a56,neoxa,deposit,6.28000000,2135.2,19huNoxButXGqEjZJzpmXNYFJBJms826wt,
2026-09-07,969584,7fd33d39b9260e1a6c5c773f47af9002a226e1db2ef233128494ff43b3027801,neoxa,deposit,0.29731192,101.09,bc1qlrmjpgg0e5jrhmzyjmtgc6dfpdr66sps8vjl2q,
2026-09-07,969585,f42bd6edafa252a734b91a0489ccd43c9b361e29a3276a021b8e19533eec6127,neoxa,withdrawal,1.00000000,340.0,bc1qye420arp4m0as24q7v0zstuacsdssvcpyqmny2,
2026-09-07,969585,f42bd6edafa252a734b91a0489ccd43c9b361e29a3276a021b8e19533eec6127,neoxa,withdrawal,8.58576429,2919.16,1Da44tFY9mvBnPKrgtukVS9742Y7xLkRs1,
2026-09-07,969587,6cb25cd2dcabb457f3e6679458c78f4e79831b4b3c446b2fc681d0040fe78163,neoxa,withdrawal,14.94020478,5079.67,1JmkQ6phReEuKFUEJjVhocxNbJPM4aWvHh,
2026-09-07,969587,6cb25cd2dcabb457f3e6679458c78f4e79831b4b3c446b2fc681d0040fe78163,neoxa,withdrawal,1.02651923,349.02,bc1ql3vnlsccsanfjhylywwnvuvvp6yru564mh2zsg,
2026-09-07,969589,8988543a8cac0661f3b0b06f216c9a9dc02d9242345ae34073e306ff781f8729,neoxa,deposit,0.29769870,101.22,1NsUFWMVYYnhfFCn7sVFEgMfHy6TkvmpQ8,
2026-09-08,969595,0655b43542bb3ae0008787bb473474aea4cf12861e709ac419d82275ef673584,neoxa,deposit,0.32531517,110.61,bc1qlrmjpgg0e5jrhmzyjmtgc6dfpdr66sps8vjl2q,
2026-09-08,969595,0655b43542bb3ae0008787bb473474aea4cf12861e709ac419d82275ef673584,neoxa,deposit,0.45778426,155.65,bc1qlrmjpgg0e5jrhmzyjmtgc6dfpdr66sps8vjl2q,
2026-09-08,969595,0655b43542bb3ae0008787bb473474aea4cf12861e709ac419d82275ef673584,neoxa,deposit,1.14719322,390.05,bc1qlrmjpgg0e5jrhmzyjmtgc6dfpdr66sps8vjl2q,
2026-09-08,969595,0655b43542bb3ae0008787bb473474aea4cf12861e709ac419d82275ef673584,neoxa,deposit,0.29042705,98.75,bc1qlrmjpgg0e5jrhmzyjmtgc6dfpdr66sps8vjl2q,
2026-09-08,969595,0655b43542bb3ae0008787bb473474aea4cf12861e709ac419d82275ef673584,neoxa,deposit,0.30022040,102.07,bc1qlrmjpgg0e5jrhmzyjmtgc6dfpdr66sps8vjl2q,
2026-09-08,969595,0655b43542bb3ae0008787bb473474aea4cf12861e709ac419d82275ef673584,neoxa,deposit,0.29855754,101.51,bc1qlrmjpgg0e5jrhmzyjmtgc6dfpdr66sps8vjl2q,
2026-09-08,969595,0655b43542bb3ae0008787bb473474aea4cf12861e709ac419d82275ef673584,neoxa,deposit,0.28964023,98.48,bc1qlrmjpgg0e5jrhmzyjmtgc6dfpdr66sps8vjl2q,
2026-09-08,969595,0655b43542bb3ae0008787bb473474aea4cf12861e709ac419d82275ef673584,neoxa,deposit,0.96720000,328.85,bc1qlrmjpgg0e5jrhmzyjmtgc6dfpdr66sps8vjl2q,
2026-09-08,969600,a8f83d637f2ff350af7f5c1f75ec5978dd1789dfa36b5fc0dae0e373e4ca7ef3,neoxa,deposit,0.31175285,106.0,bc1qlrmjpgg0e5jrhmzyjmtgc6dfpdr66sps8vjl2q,
2026-09-08,969600,a8f83d637f2ff350af7f5c1f75ec5978dd1789dfa36b5fc0dae0e373e4ca7ef3,neoxa,deposit,0.26037703,88.53,bc1qlrmjpgg0e5jrhmzyjmtgc6dfpdr66sps8vjl2q,
2026-09-08,969601,d76178dc12461c045ec542174053ab876c1b75f2d62ac9aec7a3d43d57f4b022,neoxa,withdrawal,0.39799343,135.32,1889CvduHcZoHjNCx26p9MX4PvtAMmKJMh,
2026-09-08,969601,d76178dc12461c045ec542174053ab876c1b75f2d62ac9aec7a3d43d57f4b022,neoxa,withdrawal,1.00090000,340.31,bc1qj85kj2xg3j7ddeyxrfxhlqdu8up4ya2xm3c472,
2026-09-08,969603,cdfacb2c01cc84e823869bb570b7aaf46cef635cfbeaa83e8ab2361c99fd298c,neoxa,withdrawal,2.37878939,808.79,bc1q90az0nd4lt4vfk9aylcanvvmz7mw5fxhrrnlyk,
2026-09-08,969605,a19e7a051ab6e53a45cfc3d620960e39f80fda6316d87b90cad742c670db9160,neoxa,deposit,0.41373587,137.36,113QtvJFDfTaUNYTptRpKTGVGGfwiK1RWX,
2026-09-08,969605,0c6dca9d5ab75b30eafa5cf885070690e202bce35b6f1385f4fa7029d8969db3,neoxa,deposit,5.88690285,1954.45,bc1qqme26fvym0sl2568g3wn8dytt280jyhs7ln7m3,
2026-09-08,969606,a38e9df7941457ad329cc58cc23d4ce894f1674ecd5f623d6781afec1eb729f8,neoxa,deposit,3.12000000,1035.84,bc1qwqdv6vdypqlfy0yhdagfuvycvhllugzmg7zjn9,
2026-09-08,969606,510c6de342589224b5d231e3431902cb0b6883e96c73c88b6d87de84ab99582b,neoxa,deposit,3.12000000,1035.84,bc1qwqdv6vdypqlfy0yhdagfuvycvhllugzmg7zjn9,
2026-09-08,969608,bf572cb9ec285251abf83ab7f7325133b5663aad059511ead3d17b19851ec627,neoxa,deposit,0.38832363,128.92,bc1qkkx99sqtza3zzaaxhpfcmvzjlqfkpfdu40aflm,
2026-09-08,969610,25b1ce96deea75e44b23a19bc816e1f0cdf20980603261e185b940f49726c0e9,neoxa,deposit,0.26017423,86.38,bc1qlrmjpgg0e5jrhmzyjmtgc6dfpdr66sps8vjl2q,
2026-09-08,969610,25b1ce96deea75e44b23a19bc816e1f0cdf20980603261e185b940f49726c0e9,neoxa,deposit,0.36903600,122.52,bc1qlrmjpgg0e5jrhmzyjmtgc6dfpdr66sps8vjl2q,
2026-09-08,969610,25b1ce96deea75e44b23a19bc816e1f0cdf20980603261e185b940f49726c0e9,neoxa,deposit,0.89664400,297.69,bc1qlrmjpgg0e5jrhmzyjmtgc6dfpdr66sps8vjl2q,
2026-09-08,969610,25b1ce96deea75e44b23a19bc816e1f0cdf20980603261e185b940f49726c0e9,neoxa,deposit,0.74436761,247.13,bc1qlrmjpgg0e5jrhmzyjmtgc6dfpdr66sps8vjl2q,
2026-09-08,969612,9e1ee6078a1c60cb1460ddf66c8dc4e52b610c45a885114c21e120d02f368a79,neoxa,deposit,0.30129961,100.03,14bX9mC2JQRhXMxNYNxiKha4VnZhBWRd9c,
2026-09-08,969614,5070280a9b107da0fa74407e178815c9f151db297ef5306b136ff8c03ab50dda,neoxa,deposit,0.96950000,321.87,1EncKs9FWy8i6DPo5nPopnD3H9eqho43fU,
2026-09-08,969617,c2d400e16d1393ae385a0c04d8622d66f9bd5bb11ebafd3a27ed02a95489a84d,neoxa,withdrawal,1.17000898,388.44,19tabbDQKr6i622dBVMxYdNcsYDtZG2JSV,
2026-09-08,969617,c2d400e16d1393ae385a0c04d8622d66f9bd5bb11ebafd3a27ed02a95489a84d,neoxa,withdrawal,1.89980000,630.73,bc1qyrqe9uk7rcq6svu5z8srv45nyfyn9vw3a5r5ej,
2026-09-08,969617,486f144509247d4cdf9a3dc995cee5f6ebc8a765882802796b3c20bb968b6d85,neoxa,deposit,0.35587222,118.15,1KYFZAdE2vznNy47vdhSgrPnm9QQvc3BtJ,
2026-09-08,969617,486f144509247d4cdf9a3dc995cee5f6ebc8a765882802796b3c20bb968b6d85,neoxa,deposit,0.84447515,280.37,1KYFZAdE2vznNy47vdhSgrPnm9QQvc3BtJ,
2026-09-08,969617,486f144509247d4cdf9a3dc995cee5f6ebc8a765882802796b3c20bb968b6d85,neoxa,deposit,0.69884708,232.02,1KYFZAdE2vznNy47vdhSgrPnm9QQvc3BtJ,
2026-09-08,969622,686c740df2db9a3b683ed3f74f95f3d450068be7465acbddfe13468cd2f8102b,neoxa,deposit,0.48840000,162.15,1EncKs9FWy8i6DPo5nPopnD3H9eqho43fU,
2026-09-08,969622,686c740df2db9a3b683ed3f74f95f3d450068be7465acbddfe13468cd2f8102b,neoxa,deposit,2.31340000,768.05,1EncKs9FWy8i6DPo5nPopnD3H9eqho43fU,
2026-09-08,969624,5c7738d861b9e8832e736f0a9540d78aee107dcf10ea324f3fdfe28760625baa,neoxa,deposit,0.28905446,95.97,1NQswK6nS2Ut2Xo5hzUZtpoKbaGPAP1ueW,
2026-09-08,969626,778e1e6f67a9fc9602cf4d6bf872234bb1c85efc413326a056a8955a322f38eb,neoxa,deposit,0.28838308,95.74,bc1qlrmjpgg0e5jrhmzyjmtgc6dfpdr66sps8vjl2q,
2026-09-08,969627,86289a7950563b710a84a6f3d14c5b1b332af2d41682546d9649d4c6e86ce030,neoxa,withdrawal,2.71543451,901.52,bc1qddvqmdn9hrysj92xnhger00sh2h73uavdxl4fy,
2026-09-08,969627,752ce881db1a1ea53230fd5a4129229a628e866d8051514c3c3106f5ff03b5a9,neoxa,withdrawal,0.59267014,196.77,1AeK3UE6Azk5ynuo6pauEYYC1s5QoP8w6A,
2026-09-08,969628,7cc560ad6b19ecbc792a95d06746e1cca4f5d39658063884492a3ac38c046858,neoxa,withdrawal,1.87692760,623.14,1QJynvcsbgDZ4p5NL8kZYurqBrK37A4WwS,
2026-09-08,969629,fce7050392ab7d5308e525954dbef92074cd150e94d8057224026041c7f0bded,neoxa,withdrawal,1.00000000,332.0,1LLyRpHVFfro7uFno7bJspmBqLjZBVEEkp,
2026-09-08,969634,947f028d5bc9eda6ebd1f826efb9f0cb94500e86692ad3f1351c6c554d9c9500,neoxa,deposit,0.47000350,156.04,bc1qlrmjpgg0e5jrhmzyjmtgc6dfpdr66sps8vjl2q,
2026-09-08,969634,947f028d5bc9eda6ebd1f826efb9f0cb94500e86692ad3f1351c6c554d9c9500,neoxa,deposit,0.69348637,230.24,bc1qlrmjpgg0e5jrhmzyjmtgc6dfpdr66sps8vjl2q,
2026-09-08,969634,947f028d5bc9eda6ebd1f826efb9f0cb94500e86692ad3f1351c6c554d9c9500,neoxa,deposit,1.72840298,573.83,bc1qlrmjpgg0e5jrhmzyjmtgc6dfpdr66sps8vjl2q,
2026-09-08,969634,947f028d5bc9eda6ebd1f826efb9f0cb94500e86692ad3f1351c6c554d9c9500,neoxa,deposit,0.33290644,110.52,bc1qlrmjpgg0e5jrhmzyjmtgc6dfpdr66sps8vjl2q,
2026-09-08,969634,947f028d5bc9eda6ebd1f826efb9f0cb94500e86692ad3f1351c6c554d9c9500,neoxa,deposit,0.41212232,136.82,bc1qlrmjpgg0e5jrhmzyjmtgc6dfpdr66sps8vjl2q,
2026-09-08,969634,947f028d5bc9eda6ebd1f826efb9f0cb94500e86692ad3f1351c6c554d9c9500,neoxa,deposit,0.44967494,149.29,bc1qlrmjpgg0e5jrhmzyjmtgc6dfpdr66sps8vjl2q,
2026-09-08,969634,947f028d5bc9eda6ebd1f826efb9f0cb94500e86692ad3f1351c6c554d9c9500,neoxa,deposit,0.43507321,144.44,bc1qlrmjpgg0e5jrhmzyjmtgc6dfpdr66sps8vjl2q,
2026-09-08,969634,947f028d5bc9eda6ebd1f826efb9f0cb94500e86692ad3f1351c6c554d9c9500,neoxa,deposit,0.42978396,142.69,bc1qlrmjpgg0e5jrhmzyjmtgc6dfpdr66sps8vjl2q,
2026-09-08,969634,947f028d5bc9eda6ebd1f826efb9f0cb94500e86692ad3f1351c6c554d9c9500,neoxa,deposit,1.43261330,475.63,bc1qlrmjpgg0e5jrhmzyjmtgc6dfpdr66sps8vjl2q,
2026-09-08,969635,130d4ef0b1f97a637a13690ebc62f90af316daf3b0f445f7d8772f923af2c696,neoxa,withdrawal,0.96383033,319.99,bc1qnn6a60ldueuw00awh3mmef40g7c0y4y8jw2gcc,
2026-09-08,969636,07715f17ddc882d6bb057fbd799f176f604dad6e12ba48cdb80e7a81c805868e,neoxa,deposit,0.40000000,132.8,bc1q80l0elt5c6f78a3pumygz5pg4fy2396lgguga4,
2026-09-08,969637,088212ef195d39b40f84016064e2825e13fb471fe296a8f6ebc2e97739e1361e,neoxa,withdrawal,14.00000000,4648.0,1NrDbepztRxwv9VMnXdkauUsYwf9SoYSjA,
2026-09-08,969637,ce6f5b7e2a99f7b20b93ad456c208e397a7d2569627c1e30574654b6c4abca2a,neoxa,deposit,0.28838459,95.74,14jDMgybbwbDuMaxks6P51h16hheFbBXLK,
2026-09-08,969638,78559c21526d5470eb3ceb3abf0742b0109b4f079067384264cffc0ca81b7467,neoxa,deposit,0.29351732,99.8,bc1qlrmjpgg0e5jrhmzyjmtgc6dfpdr66sps8vjl2q,
2026-09-08,969641,8c24f4977088a72a37d56eb9fda0143f47ccb3d91da303a5a787b92751bcdb88,neoxa,withdrawal,48.44518328,16471.36,bc1qtf49jf86vstr2rn6hfv2r2cevy06cu59q4dvuj,
2026-09-08,969641,8c24f4977088a72a37d56eb9fda0143f47ccb3d91da303a5a787b92751bcdb88,neoxa,withdrawal,263.53226388,89600.97,1BXKCCaT5R7sUjkiWRRZSX48UkDtpkgvgZ,
2026-09-08,969641,c430b3c33f10e4ec9e96b0dbb27a0a750ce6b93299465375b31c589bdb21e6a2,neoxa,withdrawal,0.40000000,136.0,bc1q5ym3u86ng5ngydt6k08ejvusdkzkm76khlsw75,
2026-09-08,969642,91cf01d639e913a99307cf231948b4dd2b602980da681e18417bcc7aa34c8b12,neoxa,withdrawal,0.45000000,153.0,bc1qwzpgteyv4pfj592htelke3mcn53sq37tcuvrcn,
2026-09-08,969642,ed4497d3f15af67ba66d65818baed0b7a5928c2e999d00ef75d5d8f0c28b95b5,neoxa,deposit,5.36000000,1822.4,bc1qx52zl3eeruute9x94qlypfg3p2krasec67lmzx,
2026-09-08,969643,30c1c36fe3f6ff7db2775a8c2a4d98d1a0dcdf5d47b8871957068fdc066a7390,neoxa,withdrawal,0.53088598,180.5,bc1q5ym3u86ng5ngydt6k08ejvusdkzkm76khlsw75,
2026-09-08,969643,002226611a5eb140f79a0c013e2279edd65bdcaf11e8f65a0e91ca7a45c144db,neoxa,deposit,0.55144283,187.49,bc1qlrmjpgg0e5jrhmzyjmtgc6dfpdr66sps8vjl2q,
2026-09-08,969643,002226611a5eb140f79a0c013e2279edd65bdcaf11e8f65a0e91ca7a45c144db,neoxa,deposit,0.46976663,159.72,bc1qlrmjpgg0e5jrhmzyjmtgc6dfpdr66sps8vjl2q,
2026-09-08,969644,def75c57a46cafaf42a461d89a5b42141f45576d8efce5d7db09b0bb40218a66,neoxa,deposit,2.00000000,680.0,1ghwu6GwQaHzB6ttFscXzUQ2sZNrfwCB8,
2026-09-08,969645,aaa86668fa360d51d40b0e97df835fc04951bd2ca4e7d3aa1b2b938f48623174,neoxa,deposit,0.99750000,339.15,143q6KS7N9u75xesPAhMjXtoFytjVW1EeV,
2026-09-08,969646,9ee631ead7d5a778ad7715f8d7289bba67e5e05f376357c2053a3b8b16462af2,neoxa,deposit,4.17421658,1419.23,bc1qqme26fvym0sl2568g3wn8dytt280jyhs7ln7m3,
2026-09-08,969646,98068ee5b4bb69111ce379104a432c250448bafa1981086355ad4949edbf79c1,neoxa,deposit,0.29327541,99.71,15Na54phHfgS1y359eFxGFzkAqrMTybg3s,
2026-09-08,969646,ea675b5b43f944a3a32cc9adbbfacd5185e497c8ade452cb88d2a5f9b7f9b6b3,neoxa,deposit,0.30427279,103.45,bc1qqme26fvym0sl2568g3wn8dytt280jyhs7ln7m3,
2026-09-08,969647,1695f06453a5842b81b9bed8cc53a34c28eab75480679c001d94b35da8c9308a,neoxa,deposit,0.29706589,101.0,bc1qlrmjpgg0e5jrhmzyjmtgc6dfpdr66sps8vjl2q,
2026-09-08,969649,691721cb0439982dba44666f62f12dac713052fe0f5b94bf2657963e30c0d586,neoxa,withdrawal,18.41733962,4199.15,19k8gesBsG6PmwgEsdSoeaRkzL7PgkFW3r,
2026-09-08,969649,691721cb0439982dba44666f62f12dac713052fe0f5b94bf2657963e30c0d586,neoxa,withdrawal,2.56588646,585.02,bc1qtrq9xtz4ndf6lp8lh8te7xdfalk8xgsfk4cg0p,
2026-09-08,969649,ddad6a4579fe790fdc3bdb921e54e3c127aaa1f010bef2ad8b2305a015f3d96d,neoxa,withdrawal,1.68767999,384.79,bc1q4zew5x2udu36mr2ft8cgxngyq2me4k5z8eddp2,
2026-09-08,969649,b4b6b58aa2dbbcdae4ba13447ae87aaa2d0f56a79480690857e64fa76f48fcd1,neoxa,deposit,0.55000000,125.4,bc1qmssxqll24w3rq0ttzgrhks54n228n0pdf9x9gx,
2026-09-08,969651,d789e0524d46469578c9171d2a18e9cec3a5781319d6fe80bea0a32324ee8c2b,neoxa,deposit,0.28865657,65.81,bc1qlrmjpgg0e5jrhmzyjmtgc6dfpdr66sps8vjl2q,
2026-09-08,969655,c76881a390d274c9891d3bf28c3985e7f9d2df609d927833cd2471c168e29349,neoxa,deposit,1.51093054,344.49,bc1qqme26fvym0sl2568g3wn8dytt280jyhs7ln7m3,
2026-09-08,969660,b233bb5dc86f4a393726769e096a1c10ff146756abdb78fcb99b6cd9964f28e6,neoxa,deposit,10.56099206,2407.91,bc1pe97waenq0tsmre5d9qqtw3m5vgkd8fjfgcr5tdwcmwcu0up6v2csmxq7js,
2026-09-08,969662,546c990db9fa0b4861ababbaaa2f279cd8e6200f9a5d2b2d3561e89a37e75dca,neoxa,deposit,0.44968462,102.53,1PFpYUn3wBjkiP11ngfUfHiFQ34MoXbn9r,
2026-09-08,969662,546c990db9fa0b4861ababbaaa2f279cd8e6200f9a5d2b2d3561e89a37e75dca,neoxa,deposit,0.69380648,158.19,1PFpYUn3wBjkiP11ngfUfHiFQ34MoXbn9r,
2026-09-08,969662,546c990db9fa0b4861ababbaaa2f279cd8e6200f9a5d2b2d3561e89a37e75dca,neoxa,deposit,0.28757782,65.57,1PFpYUn3wBjkiP11ngfUfHiFQ34MoXbn9r,
2026-09-08,969662,546c990db9fa0b4861ababbaaa2f279cd8e6200f9a5d2b2d3561e89a37e75dca,neoxa,deposit,1.73044923,394.54,1PFpYUn3wBjkiP11ngfUfHiFQ34MoXbn9r,
2026-09-08,969662,546c990db9fa0b4861ababbaaa2f279cd8e6200f9a5d2b2d3561e89a37e75dca,neoxa,deposit,0.33907765,77.31,1PFpYUn3wBjkiP11ngfUfHiFQ34MoXbn9r,
2026-09-08,969662,546c990db9fa0b4861ababbaaa2f279cd8e6200f9a5d2b2d3561e89a37e75dca,neoxa,deposit,0.43001091,98.04,1PFpYUn3wBjkiP11ngfUfHiFQ34MoXbn9r,
2026-09-08,969662,546c990db9fa0b4861ababbaaa2f279cd8e6200f9a5d2b2d3561e89a37e75dca,neoxa,deposit,0.45584863,103.93,1PFpYUn3wBjkiP11ngfUfHiFQ34MoXbn9r,
2026-09-08,969662,546c990db9fa0b4861ababbaaa2f279cd8e6200f9a5d2b2d3561e89a37e75dca,neoxa,deposit,0.43381469,98.91,1PFpYUn3wBjkiP11ngfUfHiFQ34MoXbn9r,
2026-09-08,969662,546c990db9fa0b4861ababbaaa2f279cd8e6200f9a5d2b2d3561e89a37e75dca,neoxa,deposit,0.40994466,93.47,1PFpYUn3wBjkiP11ngfUfHiFQ34MoXbn9r,
2026-09-08,969662,546c990db9fa0b4861ababbaaa2f279cd8e6200f9a5d2b2d3561e89a37e75dca,neoxa,deposit,1.47710381,336.78,1PFpYUn3wBjkiP11ngfUfHiFQ34MoXbn9r,
2026-09-08,969664,5fb13dd42fb2fcf1ea2a15849f5b103fe05cbe8b393058cc342318b92c4f343e,neoxa,withdrawal,0.45115592,102.86,bc1q2s0ktaezp8g9zasa9x7ajcevpeelw67gjmw9ed,
2026-09-08,969667,c2df9cdb2c80a0afd7c941c03fab6e57c123f534673029baa790a9970e64cb4b,neoxa,withdrawal,0.61433023,140.07,1QDERomAhuNfLdXaHxgzneDKftCgpwaXws,
2026-09-08,969669,82dda79a346cf19976d066a8d0aff621593154a678d2871312d3eaf28b497069,neoxa,withdrawal,0.72370948,165.01,13erDyf4AoJgJL8fQwDMNYiK3r5CD1m7yu,
2026-09-08,969669,82dda79a346cf19976d066a8d0aff621593154a678d2871312d3eaf28b497069,neoxa,withdrawal,0.31225700,71.19,1MB48SeNTYM4R4yC3RgAZ7JZkchXE9taox,
2026-09-08,969669,4dae25d635bd5def5cbfad70a5bed9fa9aec93b331501a7c095df3a7e743a10e,neoxa,deposit,0.33385560,76.12,bc1qlrmjpgg0e5jrhmzyjmtgc6dfpdr66sps8vjl2q,
2026-09-08,969669,4dae25d635bd5def5cbfad70a5bed9fa9aec93b331501a7c095df3a7e743a10e,neoxa,deposit,0.87724926,200.01,bc1qlrmjpgg0e5jrhmzyjmtgc6dfpdr66sps8vjl2q,
2026-09-08,969669,4dae25d635bd5def5cbfad70a5bed9fa9aec93b331501a7c095df3a7e743a10e,neoxa,deposit,0.73666793,167.96,bc1qlrmjpgg0e5jrhmzyjmtgc6dfpdr66sps8vjl2q,
2026-09-08,969670,b71d9430c50f8d7db1f2c223fa0449e9ab739bf8807077d96fe38c13d04715ad,neoxa,withdrawal,1.81275862,413.31,1fuLBQwjz62kwQcjr2fvMqMaYeg5ZPRvt,
2026-09-08,969670,b71d9430c50f8d7db1f2c223fa0449e9ab739bf8807077d96fe38c13d04715ad,neoxa,withdrawal,1.01929455,232.4,bc1q0a949vpxmthj96h6rxp25kmg9jzjhrv5jexyhv,
2026-09-08,969670,cd5a5be334f49d6cda903a4e64c283cd8b676ebb872eff970ed7bc0898efe636,neoxa,withdrawal,2.83077871,645.42,bc1q0k8uerrum84l4t0lm5n3tl5dsqg3h4mw6z9tqf,
2026-09-08,969670,3f10e99979911a507b396e9f74a05bf19a1e7a0dab05e02d70133cefed1814a9,neoxa,withdrawal,0.46486213,105.99,1CXqKwhi9MsgJ5yHaGFEVj8om4TjEuxHc2,
2026-09-08,969671,c83ee5f7a9fd917a9c3b2b1dbedb58ac38b00427559d0bd6786709d71e8c70d0,neoxa,deposit,2.00000000,456.0,15HZvN4dhDBpcamnYYhV9ny9Y1KvGhHWA7,
2026-09-08,969671,8b0e413cac6a6c7f3a1384383df8f90efe7e39f4753c05f7b42776378bbdf673,neoxa,deposit,0.32746059,74.66,bc1qlrmjpgg0e5jrhmzyjmtgc6dfpdr66sps8vjl2q,
2026-09-08,969671,8b0e413cac6a6c7f3a1384383df8f90efe7e39f4753c05f7b42776378bbdf673,neoxa,deposit,0.89669085,204.45,bc1qlrmjpgg0e5jrhmzyjmtgc6dfpdr66sps8vjl2q,
2026-09-08,969671,8b0e413cac6a6c7f3a1384383df8f90efe7e39f4753c05f7b42776378bbdf673,neoxa,deposit,0.73497149,167.57,bc1qlrmjpgg0e5jrhmzyjmtgc6dfpdr66sps8vjl2q,
2026-09-08,969673,a3d7e49a33be3d1d9a9279864caae780a8a40af8086486cd8942534bf7b2f5cd,neoxa,withdrawal,2.21377727,504.74,1CZWoKo8s8GDgvD5dx3kNYAh7ZqztjpySi,
2026-09-08,969673,a3d7e49a33be3d1d9a9279864caae780a8a40af8086486cd8942534bf7b2f5cd,neoxa,withdrawal,1.05000000,239.4,1BHfmXnXmwdi6m38vnKoAJqCGKAZ21U9nk,
2026-09-08,969673,390d3e53e72c3af75621c69adb7ef2c4911cbd411f92a5bdbc9d198a60dda45b,neoxa,deposit,0.30016210,68.44,14M54AKVTxoXmD6r5CTx132DHBedvQUKda,
2026-09-08,969676,539d944bb7fcfbccece907cb96f15b4931efb2762e05e4830ce80a9d108fd631,neoxa,withdrawal,4.56741199,1041.37,bc1qwkcm6unspwz33nkkgxysc8mlcmht5eu7p89ueh,
2026-09-08,969677,7ba6d21b0034170196ed82c88cb5acf77663935f06be824ce0331adb827f5691,neoxa,deposit,0.28987451,66.09,bc1qlrmjpgg0e5jrhmzyjmtgc6dfpdr66sps8vjl2q,
2026-09-08,969680,48473cdb7eb636d21a5da583b9cd44a262cd12c7fdf682291a8f9ded6deb8268,neoxa,deposit,0.28394133,64.74,1EmLHX6EZikMhBm4CD7vCK39Hjhz7g6MEo,
2026-09-08,969681,73e90d509903202cb54b0a7543d24092f4026106657011d7689de39980b3ab10,neoxa,withdrawal,3.50000000,798.0,1DwLNxydaCRBXR3pTEERNsWtscdfsSRa8Q,
2026-09-08,969683,f7059f53bf74c18a8dcbe036e22926445c996b1033cc8e016fb30bbcdd9f81df,neoxa,withdrawal,4.97369053,1134.0,bc1q78uy0lklzhkdpdqkjqfju90nfpkd7gy6wxgksv,
2026-09-08,969683,f7059f53bf74c18a8dcbe036e22926445c996b1033cc8e016fb30bbcdd9f81df,neoxa,withdrawal,4.83897272,1103.29,1PEt72DasSYVhYwfR2JzbP8CrkR7pbEWAJ,
2026-09-08,969683,7c9d26c9e2132e05d6f4442f7a7637391e093ccb2f4fe99d27a720b999641d73,neoxa,deposit,0.28196862,64.29,1BWzmj2Q2kxuHUBMYjyFzEZcdqEdESGPMV,
2026-09-08,969685,85ada29fe0cc3d61b0547dcd2b73f34ac665082253e6dd64e5f2aa9d4e4eeac9,neoxa,withdrawal,6.00390000,1368.89,bc1q26t0ltga904crtkj2qf3znz5q6wytjs72luvp9,
2026-09-08,969685,d29dc58d9c65789623210f14695956cdf8aa44b3827868d351810c796a33fe88,neoxa,withdrawal,2.97952644,679.33,1JnC2vbpyJKAHojhzhCzcL2SuWhBsL6SGv,
2026-09-08,969685,d29dc58d9c65789623210f14695956cdf8aa44b3827868d351810c796a33fe88,neoxa,withdrawal,6.63557897,1512.91,bc1q7um2t6lk367mstl85sfz0chhfue8hcm85xm90l,
2026-09-08,969685,07894a389791ca02ae4fe7b38878be655b372ee063e3d9663db59674972dbac1,neoxa,deposit,0.28355395,64.65,1JJRdAjXmKyEAaPSeEtrACpd5AeqVKekK5,
2026-09-08,969686,742035c24b399ff44c86c066002a52ebe7d3edeff8feaf2abae9e6b07efe22c5,neoxa,withdrawal,3.74333889,853.48,bc1qpsjs0vyupja3dz6h4j6n50se35hu4kr8a0yqgu,
2026-09-08,969687,71bb92c608acdf23fc2fe334657ebdb65227a874eaec4faa58701ef8e0520513,neoxa,withdrawal,0.37298560,85.04,bc1q7gz3pl4gl53ff6650k4av29myrmznh4d7h7w3q,
2026-09-08,969690,779e333115a74040deb1a543e06700a3bc0890eb093ab99b4895be1f1a46c45b,neoxa,deposit,4.71680617,1075.43,bc1qqme26fvym0sl2568g3wn8dytt280jyhs7ln7m3,
2026-09-08,969691,21e1c665d9324f2b8f1b53f53b71c33b0357dd5d4f83fe6ba504a98886fe4d69,neoxa,deposit,0.27815419,63.42,15uNGuAasSQjFdhyL7sDwxnXNqMKNdcvxP,
2026-09-08,969693,e50cb139f88034d8547d07fee3ee5bbb8a423f8c77c11e98ec63b5ca05fc2cd5,neoxa,withdrawal,1.64137388,374.23,bc1q4l43hzevf2pg6cw60wrplsr3zc7f2q5f93weqd,
2026-09-08,969696,09c1e3a8fabd217351b2d78896db4bc808a2569e2ecc1b3d761dba6d13489c15,neoxa,deposit,10.00000000,2280.0,bc1qd0lk23alu007zzu8jhjfm2haeyfvy4cudnw5ye,
2026-09-08,969696,655f31f9300e89de25f1321b313a165952bf4ded39a62da44236a735a197ee76,neoxa,withdrawal,5.31827953,1212.57,bc1qsj5ppwp475pswylppcavfg7p99ph0mvtvhr9sn,
2026-09-08,969696,655f31f9300e89de25f1321b313a165952bf4ded39a62da44236a735a197ee76,neoxa,withdrawal,1.40376476,320.06,1PDYidf2tve7EMeY9355b3BTDRJKYwj1ML,
2026-09-08,969696,7466b4ea09b1b1d7c2b11e47e16899a8e235e0215fe072584238e44d05481fea,neoxa,deposit,1.70210000,388.08,1FtSnfCFoT5oqhzEXs8ibdkh2bG8ijfhrH,
2026-09-08,969696,7e870d70240e08a9196c3692378d2877face48b8b7aed39af09e779eb07cfec5,neoxa,deposit,1.36600000,311.45,1EncKs9FWy8i6DPo5nPopnD3H9eqho43fU,
2026-09-08,969696,82287823e41a56eaa208defde177013d20fc7f047255e54a4b2f695b184f019b,neoxa,deposit,0.71273023,162.5,1EncKs9FWy8i6DPo5nPopnD3H9eqho43fU,
2026-09-08,969696,c79377dfbdca26a2057b8c3a8ca8bdce0135876c85f309bb2b0a1338543a908d,neoxa,withdrawal,3.08101861,702.47,1LxbQL5r849QwU9EUzwApL21816eh1RmEd,
2026-09-08,969696,07ae123b03c6f449e4da7b8a2a5d4f90a9a958a7a84af370b2d8446bea129c86,neoxa,withdrawal,1.05677959,240.95,bc1q6vzjujuhhv2vl60ew5q2pyggymg8gdx0yx9ky2,
2026-09-08,969696,2d93b244bd818ec511369b367a105d01d54b9b21cfc7fc2a4e5076373e28791c,neoxa,deposit,0.96500000,220.02,19HEjUtDBrPeQ7DB1tgsHczu6uCjMH6mHi,
2026-09-08,969696,f2a8a700f363c3dea79adcd8ad8259622eb8c1a73612169d379894cd60671d64,neoxa,deposit,1.00000000,228.0,bc1q4czshcq7rkrnttxg8g8j8fd8mhv7gkknppwes2,
2026-09-08,969696,741263c76b2a83b39e0ba787e410daf4bf5a2f0435aeee713965b4fff7273189,neoxa,withdrawal,0.30000000,68.4,bc1qm70quwrq548xlcjlfzxgnd79y9y00xfv77d50x,
2026-09-08,969697,eaf221ee0967e521b429a6ffe66d5c81e308ef484ed50ab20f31b3d1f4c03a9e,neoxa,deposit,30.97100000,7061.39,1By8prQMbUciuccQuRFBsyeqFUmbudM1Cd,
2026-09-08,969697,9b46462b285e569a9adfe45eb820a1ad71642c2421568d1d01ee86b195c6ff34,neoxa,deposit,2.50000000,570.0,bc1qzqe944yvhak86lqz0wcv96z8gzunvxpcprupwp,
2026-09-08,969697,3c63dce3a5fb9dd938490fd4ae410ce06ec846323630bc1b251d9ca7e92b714a,neoxa,withdrawal,0.43039179,98.13,14G5aLqJYjtkpt444Lbdna9soxYrBQc77q,
2026-09-08,969697,3c63dce3a5fb9dd938490fd4ae410ce06ec846323630bc1b251d9ca7e92b714a,neoxa,withdrawal,16.00000000,3648.0,bc1qjrfg4us86cw0r3y3ms8w8z20xgp5rua4x8xjnn,
2026-09-08,969697,60615c0cf0af3ff70c27b78cff3c582507fd2478ac9b5f68bcde3fac306ad4d0,neoxa,deposit,2.51970000,574.49,1EncKs9FWy8i6DPo5nPopnD3H9eqho43fU,
2026-09-08,969697,1362bdd6bb1ec2bdaf154108cfcb5439c6ef181af5d0c36d6fcf07ae9e648a38,neoxa,withdrawal,1.31615571,300.08,bc1q7zqfls9fe3yqr40hxv9nwaaq5qzvzls9aftkwz,
2026-09-08,969697,db6bd6ba863765cb5e17871c663241839f54c5e510d8dd0766dbaee3542489fb,neoxa,deposit,1.21806296,277.72,1EncKs9FWy8i6DPo5nPopnD3H9eqho43fU,
2026-09-08,969698,4be0a744fd08242453aef23541769fcad65de993bf8a1ee28cae36502c988e3c,neoxa,withdrawal,4.25429117,969.98,bc1qlgg467007gpv6f2420zxu5f54n27v7fkck4quq,
2026-09-08,969698,9f831854be875278c344d9ad4ea337eb2502f064d979620060d0f54b393510ff,neoxa,deposit,0.52487813,119.67,1EwqMiicehEjCBQhokWaMyeb3VVv2F98UF,
2026-09-08,969698,9f831854be875278c344d9ad4ea337eb2502f064d979620060d0f54b393510ff,neoxa,deposit,0.82615927,188.36,1EwqMiicehEjCBQhokWaMyeb3VVv2F98UF,
2026-09-08,969698,9f831854be875278c344d9ad4ea337eb2502f064d979620060d0f54b393510ff,neoxa,deposit,0.32847242,74.89,1EwqMiicehEjCBQhokWaMyeb3VVv2F98UF,
2026-09-08,969698,9f831854be875278c344d9ad4ea337eb2502f064d979620060d0f54b393510ff,neoxa,deposit,2.01118468,458.55,1EwqMiicehEjCBQhokWaMyeb3VVv2F98UF,
2026-09-08,969698,9f831854be875278c344d9ad4ea337eb2502f064d979620060d0f54b393510ff,neoxa,deposit,0.39707398,90.53,1EwqMiicehEjCBQhokWaMyeb3VVv2F98UF,
2026-09-08,969698,9f831854be875278c344d9ad4ea337eb2502f064d979620060d0f54b393510ff,neoxa,deposit,0.50208021,114.47,1EwqMiicehEjCBQhokWaMyeb3VVv2F98UF,
2026-09-08,969698,9f831854be875278c344d9ad4ea337eb2502f064d979620060d0f54b393510ff,neoxa,deposit,0.55671443,126.93,1EwqMiicehEjCBQhokWaMyeb3VVv2F98UF,
2026-09-08,969698,9f831854be875278c344d9ad4ea337eb2502f064d979620060d0f54b393510ff,neoxa,deposit,0.27552124,62.82,1EwqMiicehEjCBQhokWaMyeb3VVv2F98UF,
2026-09-08,969698,9f831854be875278c344d9ad4ea337eb2502f064d979620060d0f54b393510ff,neoxa,deposit,0.48923799,111.55,1EwqMiicehEjCBQhokWaMyeb3VVv2F98UF,
2026-09-08,969698,9f831854be875278c344d9ad4ea337eb2502f064d979620060d0f54b393510ff,neoxa,deposit,0.49305286,112.42,1EwqMiicehEjCBQhokWaMyeb3VVv2F98UF,
2026-09-08,969698,9f831854be875278c344d9ad4ea337eb2502f064d979620060d0f54b393510ff,neoxa,deposit,1.67444985,381.77,1EwqMiicehEjCBQhokWaMyeb3VVv2F98UF,
2026-09-08,969861,f5009695ae8cc908ea9f1f2f470d564cb80a7a47e04ff4ceb2c9c3e0408cd710,neoxa,deposit,0.57400000,130.87,1EncKs9FWy8i6DPo5nPopnD3H9eqho43fU,
2026-09-08,969861,722f407a53dd7031ddc26f5033cdf99d652ccc18e7e8d98b7a69c3233cb0c4b7,neoxa,deposit,0.91399300,208.39,1HHSFMrmpywANKcmUL34oKQb3nQ6dWwB6H,
2026-09-08,969861,722f407a53dd7031ddc26f5033cdf99d652ccc18e7e8d98b7a69c3233cb0c4b7,neoxa,deposit,0.25682854,58.56,1HHSFMrmpywANKcmUL34oKQb3nQ6dWwB6H,
2026-09-08,969861,722f407a53dd7031ddc26f5033cdf99d652ccc18e7e8d98b7a69c3233cb0c4b7,neoxa,deposit,0.25591023,58.35,1HHSFMrmpywANKcmUL34oKQb3nQ6dWwB6H,
2026-09-08,969864,81a49547adcfb6463debe4a4e8fbb8df2e4ebe80508ca8c2b87ffdbd1bca2ccf,neoxa,withdrawal,0.64759489,147.65,bc1qyxj7p69p03pd53kyzp0s7pjyhuj8x2muhjqphw,
2026-09-08,969864,81a49547adcfb6463debe4a4e8fbb8df2e4ebe80508ca8c2b87ffdbd1bca2ccf,neoxa,withdrawal,0.34773538,79.28,142LhaDus3fZufoPQPvaCdBhXwXc2f1jqk,
2026-09-08,969865,2bfbb1e4d9dd94fa46971983c592a4a96fe157513ab04782feac46a8b1a61b6c,neoxa,deposit,9.99999618,2280.0,1CxLJTNwCwSjihqK3GG5iZdSGLh4VmKnGw,
2026-09-08,969865,edbbaeb9d08d751493a02479c3bac908b7e29975396ca8019335cbb66547d824,neoxa,deposit,0.30613002,69.8,1BveB7GKN7XATecYnuFaD5t4Th3NUjZLUH,
2026-09-08,969865,c268df40a75042d6465e5aba4c08233fed14c300278f2506fae45155c18237e5,neoxa,deposit,0.25556351,58.27,bc1q90ugl28yc6cjy6htyrmwg80623pjjnmgst7zhx,
2026-09-08,969866,32a6f14cbe625146c6e805b57d4b464fefbbaba0b4d40b87475d3b8408ecb4bf,neoxa,deposit,0.30722499,70.05,1Acq2e4MCMAhd1tAKYGE87VJ6c7qVxaxdQ,
2026-09-08,969868,b75fe322d8688fa131ec26ac66d78561419ed084f01a53401f0670955f075f0a,neoxa,withdrawal,0.27197314,62.01,1ERQRaEKGNDbhg66LTqBMfjBe2QNZs9ZVP,
2026-09-08,969868,b75fe322d8688fa131ec26ac66d78561419ed084f01a53401f0670955f075f0a,neoxa,withdrawal,13.41273434,3058.1,bc1qhaxvmg4ukz2hdelmuzhrr0r2x57tx27q5nayku,
2026-09-08,969868,8d3034d3f69b7f9c187e0908244c16a431c3d422c7efc697decd886e41cfc22f,neoxa,withdrawal,2.89806922,660.76,1AyLVGNVJg8KtayVzs1wWq5eJSmMAz3oWB,
2026-09-08,969868,8d3034d3f69b7f9c187e0908244c16a431c3d422c7efc697decd886e41cfc22f,neoxa,withdrawal,1.75000000,399.0,1HknVwhobqp8ucMM4HU9frYC67bLFPGQaA,
2026-09-08,969868,0c8fd8a91d04f95b824a861ec4b3a7eb0e8d16bb3af085f60fd2fa5c7c8fa9a8,neoxa,deposit,2.76339021,630.05,15HZvN4dhDBpcamnYYhV9ny9Y1KvGhHWA7,
2026-09-08,969868,a23fcc6215631230738d3fb515414d48d6368ea6a89f4c9582e5a4a6b969a76c,neoxa,deposit,1.00000000,228.0,1ghwu6GwQaHzB6ttFscXzUQ2sZNrfwCB8,
2026-09-08,969868,f7b29b14c69c5610e67900f48f77e80387565d0aca25328a6293744fca60f4a1,neoxa,withdrawal,5.99252702,1366.3,bc1ql7v8gm90wgepnxtwm7uln8t44sftd8vamyz4hm,
2026-09-08,969868,0df20b01055246e0375a57e4de5692cb614b7be4d115e673aa3dee78f228bfac,neoxa,withdrawal,3.04100000,693.35,bc1qhaaxrzy0cgmuq3t556xud06z76sg473t6qwehg,
2026-09-08,969868,959493e94a055aab00e1cf14548372edc711e159892bb18e64b192b5e17a7e16,neoxa,deposit,0.65415328,149.15,bc1qqme26fvym0sl2568g3wn8dytt280jyhs7ln7m3,
2026-09-08,969871,c5deabed4db5847f33044c3cb6f6ded8a33aac9af08921781a9051aa312dcfb2,neoxa,deposit,0.91393786,208.38,bc1qvqxhuyh5729wed7uvlp4685azk9cr7awreqsks,
2026-09-08,969872,326e788fd8bf743c6d00240d051cd9f20923422cf72d602e64ea565db560325a,neoxa,deposit,3.09719570,706.16,bc1qwletv750cu3np49a9d876d6dfdvz6wdusgtu2x,
2026-09-08,969872,2ab81741e3c27949fa0716825d1589f964d707bc28f4d98e3faebf51f6fa2371,neoxa,deposit,3.78170000,862.23,1By8prQMbUciuccQuRFBsyeqFUmbudM1Cd,
2026-09-08,969872,0c823ddba3e251a624b2b1ae54346add42215ca662b7f8f62c8b6c99f7735dbe,neoxa,deposit,0.93995919,214.31,16FEEqNcK5BvM5oYbo4AGCguWR2rhnPMUm,
2026-09-08,969872,0c823ddba3e251a624b2b1ae54346add42215ca662b7f8f62c8b6c99f7735dbe,neoxa,deposit,0.27178599,61.97,16FEEqNcK5BvM5oYbo4AGCguWR2rhnPMUm,
2026-09-08,969872,0c823ddba3e251a624b2b1ae54346add42215ca662b7f8f62c8b6c99f7735dbe,neoxa,deposit,0.25270048,57.62,16FEEqNcK5BvM5oYbo4AGCguWR2rhnPMUm,
2026-09-08,969872,63a30e0085fc676689e682247dc01910f25d5f2b73f6e7b872c66db81ab3c4c3,neoxa,deposit,0.55010000,125.42,19JWbWQGB4sG4Q9X76KATywX3S3skaHKuT,
2026-09-08,969873,f5945732babd000b349d0f71a15d4a9a8a36102c17878d954475be7ebf34b672,neoxa,withdrawal,2.82333564,643.72,bc1q6w4erfudsfeluraam22m8ehhzl56seaqk67rst,
2026-09-08,969874,c2ea48a647f10509072c256c25a61d78caeb1835f10ea2790950e147356e77d9,neoxa,withdrawal,1.19990000,273.58,bc1qagwymf0yprgruqqnzy3pgr5yrls7ez680zgfy5,
2026-09-08,969875,159d6b34b0b5e12011db6c30854088440acd3ec61efd0771d55ba043350cb66d,neoxa,deposit,7.35655712,1677.3,1NBbvmjQr8xXnFR2hurwF7v5DexWPiDUN9,
2026-09-08,969875,1f3570a267d68e83369e8c7b479d10b1e857f8e8fd7c0838c652f0a18a979726,neoxa,withdrawal,1.04491539,238.24,bc1qzjwyycucrcuyclezlp6juv9c5w5p09a5xqkdvn,
2026-09-08,969875,3993b2486de6eba770ca2b1cb1bd4420dda4cca7d76164523eaedfff3a6419bb,neoxa,deposit,1.93335179,440.8,bc1qqme26fvym0sl2568g3wn8dytt280jyhs7ln7m3,
2026-09-08,969875,30154dec9b4725d419c6da80fdf4286fe43379259f0faaeebca241bdb4a37301,neoxa,deposit,2.12360940,484.18,bc1qqme26fvym0sl2568g3wn8dytt280jyhs7ln7m3,
2026-09-08,969875,03c0915e51cb59c0cd0fc34304915ff67a53b3b7b858ae27864f9a665420a8a0,neoxa,deposit,0.92882091,211.77,bc1qqme26fvym0sl2568g3wn8dytt280jyhs7ln7m3,
2026-09-08,969876,120aadd14e61426e7cf94a98e4b15a1c7d38e760496b2155b50bb11dfdcbac91,neoxa,deposit,3.07838752,701.87,17VKQFtUe4ups7eKkaaNFDW9uhpX2ctjSe,
2026-09-08,969877,f26f6b1255504c150650e133740ba628b7be42cb02696049a5496624eefce3b8,neoxa,deposit,0.59953150,136.69,bc1qlrmjpgg0e5jrhmzyjmtgc6dfpdr66sps8vjl2q,
2026-09-08,969877,92506b213d8fbfae57eb7595864b463d2f438d6b6415caabfde8d66f0eaeadd7,neoxa,deposit,0.30030000,68.47,1LvczFovg55cE1SMJkPTx5yCRZfi49JHHT,
2026-09-08,969878,b0671dd1eeb45576933fcc628cff8407621e8a5c2eed9bcaeff257a0db2e35f6,neoxa,deposit,16.14699553,3681.51,1NBbvmjQr8xXnFR2hurwF7v5DexWPiDUN9,
2026-09-08,969878,cc7a4c28da4400610de63f3a60c3d3e3d929ec4f0ccd0a3d99810460606cbcc6,neoxa,deposit,0.74849999,170.66,1EncKs9FWy8i6DPo5nPopnD3H9eqho43fU,
2026-09-08,969879,c608576c1ba5ccbab4a9a732eee6ff1da192bc8c6d3239e01be2ebd07285934d,neoxa,deposit,0.29640206,67.58,bc1qlrmjpgg0e5jrhmzyjmtgc6dfpdr66sps8vjl2q,
2026-09-08,969881,3cb8a75509d90837c72025e9057b0c1a2b07d081a192e9470e03798834d9017c,neoxa,withdrawal,1.99990000,455.98,bc1q5guf9thffjymt5t8llmvlkxp9zsey44cpvm84g,
2026-09-08,969881,3cb8a75509d90837c72025e9057b0c1a2b07d081a192e9470e03798834d9017c,neoxa,withdrawal,2.72442602,621.17,1JgFvcW5koFdAQKP1UK66ADV6nVx5GURCw,
2026-09-08,969882,1625e6aba0f70ba6f7571c6b9723179b6a57f8e887387b2f67161e67ec130db6,neoxa,deposit,0.46086900,105.08,13tvDcqJFu59LxQniKejAfmi31UG6qK7MD,
2026-09-08,969883,2caa1a3ebea6105407a12d8aa4e4e21807ee62e1cb7a1d7e6f166693f3417971,neoxa,withdrawal,3.78281649,862.48,1JmEfBZR1a126xWmP2aXUu5kYcq7gXTQzE,
2026-09-08,969883,2caa1a3ebea6105407a12d8aa4e4e21807ee62e1cb7a1d7e6f166693f3417971,neoxa,withdrawal,1.01200000,230.74,bc1qfj89vy80hjw6xlh73zuwffjgqhw5r4n502kqma,
2026-09-08,969884,c25ad2863e4737eee40949a971820c77016018130a5944a4f6575fee67ead05c,neoxa,withdrawal,1.42711368,325.38,bc1q450z6neahap9827mwjer2pkjwzjmt279225dzf,
2026-09-08,969884,c25ad2863e4737eee40949a971820c77016018130a5944a4f6575fee67ead05c,neoxa,withdrawal,159.91142618,36459.81,17hM4XpqKqzEYmKoZ3JCpuXc6p8RBenKC,
2026-09-08,969884,9789b1f42e979c98dfd9b42f524e83c9a37ff391b2ae1582213d98f11ce99ce2,neoxa,withdrawal,28.42930288,6481.88,1FeazdPZvgpNgwe5yE9Qs1x3xgNJx1fbDe,
2026-09-08,969884,9789b1f42e979c98dfd9b42f524e83c9a37ff391b2ae1582213d98f11ce99ce2,neoxa,withdrawal,3.12508000,712.52,bc1qk44cj8f55mwdve0slsxcy80telwmnjln3rt6zt,
2026-09-08,969884,52bf9ffa207f82a4de214cf94819bc4c6409ef50abe8c82835a53b99b909e218,neoxa,withdrawal,1.13371257,258.49,bc1qpr704c68vt034ds4kq43ktg0g4tmkq9dnn4vuh,
2026-09-08,969884,52bf9ffa207f82a4de214cf94819bc4c6409ef50abe8c82835a53b99b909e218,neoxa,withdrawal,2.86826131,653.96,17SMReGMmRxoKLDMz5oK99TGwnPY4yXsWY,
2026-09-08,969885,0001887d090da69df3227790f0c15178fa96ea8f420da311c4e7aa14f1a6a6ef,neoxa,withdrawal,203.88149840,46484.98,bc1q5e9hesdqlh6hjmjjnh3g5c70kn2mt56wajt230,
2026-09-08,969885,0001887d090da69df3227790f0c15178fa96ea8f420da311c4e7aa14f1a6a6ef,neoxa,withdrawal,49.59155129,11306.87,15tU6KPNwE3DHjBTR5MPTq69RhB1CR1L7U,
2026-09-08,969885,17de55504b616c2f4b24d3c64f96f4ea578c8b6c81f8b0b6c518d3830f564773,neoxa,withdrawal,0.60336536,137.57,1BAop4PJafyajpa44QgaCfm9mDHMenSpXc,
2026-09-08,969886,17e2ca14902a78d5d98a63898bd6fccae5803a345a2a814f620250bf6735d7ec,neoxa,withdrawal,2.03993221,465.1,bc1qznhj55rvdzer4583mhn5xgj4mw30d9qag25vn8,
2026-09-08,969887,9bb24479854d82462fcb35cba1d8b172aa9e26414d28ad1c048b924d4054e46c,neoxa,withdrawal,0.26994395,61.55,bc1qr9qtmvht9m4trytweadat55jumw7357t80h0ws,
2026-09-08,969887,2e521f9509ec21bc1afd186af6fe3859aec3c24f89a534d3169bc2afed11942e,neoxa,deposit,0.77593252,176.91,1LqZpr73teQ8F74aFkZ21wgheuPjtXEsos,
2026-09-08,969887,2e521f9509ec21bc1afd186af6fe3859aec3c24f89a534d3169bc2afed11942e,neoxa,deposit,1.77042952,403.66,1LqZpr73teQ8F74aFkZ21wgheuPjtXEsos,
2026-09-08,969887,2e521f9509ec21bc1afd186af6fe3859aec3c24f89a534d3169bc2afed11942e,neoxa,deposit,0.62867599,143.34,1LqZpr73teQ8F74aFkZ21wgheuPjtXEsos,
2026-09-08,969887,2e521f9509ec21bc1afd186af6fe3859aec3c24f89a534d3169bc2afed11942e,neoxa,deposit,0.32810627,74.81,1LqZpr73teQ8F74aFkZ21wgheuPjtXEsos,
2026-09-08,969887,2e521f9509ec21bc1afd186af6fe3859aec3c24f89a534d3169bc2afed11942e,neoxa,deposit,0.46510820,106.04,1LqZpr73teQ8F74aFkZ21wgheuPjtXEsos,
2026-09-08,969887,2e521f9509ec21bc1afd186af6fe3859aec3c24f89a534d3169bc2afed11942e,neoxa,deposit,0.45718242,104.24,1LqZpr73teQ8F74aFkZ21wgheuPjtXEsos,
2026-09-08,969887,2e521f9509ec21bc1afd186af6fe3859aec3c24f89a534d3169bc2afed11942e,neoxa,deposit,0.34215468,78.01,1LqZpr73teQ8F74aFkZ21wgheuPjtXEsos,
2026-09-08,969887,2e521f9509ec21bc1afd186af6fe3859aec3c24f89a534d3169bc2afed11942e,neoxa,deposit,0.86595928,197.44,1LqZpr73teQ8F74aFkZ21wgheuPjtXEsos,
2026-09-08,969888,0bfeeb6cf6bef6a5c6344be5345d90a77c9f94825c3c044b9c23c671d5580a6d,neoxa,deposit,10.00000000,2280.0,bc1qd0lk23alu007zzu8jhjfm2haeyfvy4cudnw5ye,
2026-09-08,969888,de2b7f293d9ae1610b433ce740d7948a7c2b5320eef0cecf6a841a9fed9945df,neoxa,deposit,5.59000000,1274.52,1EncKs9FWy8i6DPo5nPopnD3H9eqho43fU,
2026-09-08,969888,de2b7f293d9ae1610b433ce740d7948a7c2b5320eef0cecf6a841a9fed9945df,neoxa,deposit,1.43560000,327.32,1EncKs9FWy8i6DPo5nPopnD3H9eqho43fU,
2026-09-08,969888,7c8fa98b888bea18687bbc4db2565301d541f30ac41131816751615c12b60d51,neoxa,deposit,0.99640000,227.18,1EncKs9FWy8i6DPo5nPopnD3H9eqho43fU,
2026-09-08,969888,be3b00923e7fe587187addd3bc1e3ad666867faca3c99513cc2113485b968f8f,neoxa,withdrawal,4.63526650,1056.84,bc1qx2m9ragplvlxe4mx3wqghvq2r5futpkxl2d5ss,
2026-09-08,969888,5a6322a504518e844ae1cfb1ecddaf1967fdc94938636b1c9244892493e71877,neoxa,deposit,0.77077628,175.74,1EncKs9FWy8i6DPo5nPopnD3H9eqho43fU,
2026-09-08,969888,4e2ea82d9fe6024d103c171d3f63ad1b2197567e5a5a6b9c86efa193395069c7,neoxa,deposit,0.70950001,161.77,1EncKs9FWy8i6DPo5nPopnD3H9eqho43fU,
2026-09-08,969888,d79451d3f5f7a13893152c197165990b6425f9d2d545e0c4450af5e6b842e0da,neoxa,deposit,1.23987396,282.69,bc1qqme26fvym0sl2568g3wn8dytt280jyhs7ln7m3,
2026-09-08,969889,874e8ac18ceb8fa1c35371f52cfd57a83908fb6a6730f471264bd25a5d51bcfb,neoxa,withdrawal,1.02454781,233.6,bc1qgny8dztmdlyuzgqc8sj5dxqkh2kzyt933c5fze,
2026-09-08,969889,3dc1372363989522f33e5ab36f6dd1164a917cf083d6eee448ed7e2391ee8221,neoxa,withdrawal,0.38894622,88.68,bc1qdy07cps7zt486zc7xt0tgk4lpx438ys2dsllw8,
2026-09-08,969889,290ece44fa780cb169dbc34e4b90c02339e38338b59542ba92eafc326ab05d80,neoxa,deposit,0.29526018,67.32,bc1qlrmjpgg0e5jrhmzyjmtgc6dfpdr66sps8vjl2q,
2026-09-08,969889,46012ab3012b4326b8d2719fd7b8b626e5efa892942022a89abec21c97cbe881,neoxa,deposit,0.71830000,163.77,1NctAGtUSacg8JmcrexgGCyLFkhbDnxD3Z,
2026-09-08,969889,cc8ccb8a0e3a4dc126caf8736922d25633aba3bc682dbf1f93ca52bf91780efe,neoxa,deposit,0.87780000,200.14,1PKVpjeMzgC6y8Mwau1ceiwNLMTxjb8kDH,
2026-09-08,969890,f1f7fe63b067834388303aa8251caeda1ef76a3e668b5cf9032cf6b0bae05c9e,neoxa,deposit,1.89297292,431.6,bc1qqme26fvym0sl2568g3wn8dytt280jyhs7ln7m3,
2026-09-08,969891,5a83b9a3fecdda1cc577779e1b9fae10afb889e6d728fa102a392fa987484d91,neoxa,withdrawal,0.99990000,227.98,1BAop4PJafyajpa44QgaCfm9mDHMenSpXc,
2026-09-08,969894,d47ca8aa59d24c92020961b14341a3681cce1ab6f013283026537fcd4fa878b6,neoxa,withdrawal,1.71856561,391.83,154KFaCvQUAQ5EFLwuRVemVoMHzo2oUd9Y,
2026-09-08,969894,d47ca8aa59d24c92020961b14341a3681cce1ab6f013283026537fcd4fa878b6,neoxa,withdrawal,4.73471624,1079.52,bc1qthjxdksatqnchj9kjj9aan3w5mpna8p0r8vcze,
2026-09-08,969894,cab62d55cd17f5e5cc73427850a4bc16c6ffd7a0e952d267db377d1b62278a25,neoxa,deposit,0.70982227,161.84,1BbHP3KemJNCpgHMR3Ga5sijHvniqWBocv,
2026-09-08,969894,a9b0db4d683881cd99a96ad82c2c628eda47e38d47d7fce27e9f4dce5dc26045,neoxa,deposit,1.33160000,303.6,18KtQeC2iCokAY8yg3KB1VXgjCWSTPD8yg,
2026-09-08,969895,9e025c93b9287b0c61e8d7638d0f52a54b58ac71aa9f333f64653c8a8a71bd52,neoxa,deposit,620.59443489,141495.53,bc1qv7tn2dqzex6tpfch2svp0vxfwlkycrnsg98zq0qzxezgwehm80zsqcev8w,
2026-09-08,969895,c2e8e7d4978f9ce0ee45576b015055f87e90a6309301824790ebc62c1e688b35,neoxa,deposit,0.61040000,139.17,1EncKs9FWy8i6DPo5nPopnD3H9eqho43fU,
2026-09-08,969895,603100961751663aa64a7576275912c5f6fe1bd842f4892228ab8fb32390470b,neoxa,deposit,1.07580000,245.28,1E19FGPgh3zZUvJFdkG1srCThG1xieN1fJ,
2026-09-08,969895,e02e87f890da606fed6aee2feb3ee3d34868d2082c4ee375ba374e7cc8e70ac9,neoxa,withdrawal,3.19452203,728.35,bc1q0lrn86438ngw73xfkedacxzjgsdvxspv02pn0t,
2026-09-08,969896,680fd075855c31de9531150964ab0eee62a31fe45d16ceb121b63116ea3f3c60,neoxa,deposit,1.08831344,248.14,bc1qzkama064k5hv0n98nflphwjzqx4vzunqlsdas4,
2026-09-08,969896,f9f2fd7b90802be24460f204111a12ed822d698d28dd34111acc0871d2eb1c22,neoxa,withdrawal,2.63111095,599.89,1EE145spnqJpxN7uuFbLaRr5RvYfpcL7uu,
2026-09-08,969896,fe4bd77f2aae8e14fe4fa57c81f54d410ff4fc75866cf512f804ee0d0123421d,neoxa,deposit,0.36340000,82.86,17emsDNZgTqX5VYxHsUujqjGCJPwvLm64K,
2026-09-08,969898,751526fbd58f9e019325f1fd8fa67205bd446f8df5e81193eff4a59857859e80,neoxa,withdrawal,5.05179829,1151.81,17kCS8jPDLei7bYdqQPXF9E46NeqN9yaqj,
2026-09-08,969898,751526fbd58f9e019325f1fd8fa67205bd446f8df5e81193eff4a59857859e80,neoxa,withdrawal,5.09622007,1161.94,bc1qlkne2k2g4x9ughms7lpft79degsnr0drtejulh,
2026-09-08,969901,059150566b80ac88c5c4db5c36a79f210084a7b35b25b18215b65e00c974f633,neoxa,deposit,0.66187570,150.91,1GWmveHk2myxwDgbipt4qwzpJUAdd8BqCA,
2026-09-08,969901,059150566b80ac88c5c4db5c36a79f210084a7b35b25b18215b65e00c974f633,neoxa,deposit,1.34343619,306.3,1GWmveHk2myxwDgbipt4qwzpJUAdd8BqCA,
2026-09-08,969901,059150566b80ac88c5c4db5c36a79f210084a7b35b25b18215b65e00c974f633,neoxa,deposit,0.52027547,118.62,1GWmveHk2myxwDgbipt4qwzpJUAdd8BqCA,
2026-09-08,969901,059150566b80ac88c5c4db5c36a79f210084a7b35b25b18215b65e00c974f633,neoxa,deposit,0.36614932,83.48,1GWmveHk2myxwDgbipt4qwzpJUAdd8BqCA,
2026-09-08,969901,059150566b80ac88c5c4db5c36a79f210084a7b35b25b18215b65e00c974f633,neoxa,deposit,0.35609372,81.19,1GWmveHk2myxwDgbipt4qwzpJUAdd8BqCA,
2026-09-08,969901,059150566b80ac88c5c4db5c36a79f210084a7b35b25b18215b65e00c974f633,neoxa,deposit,0.26811663,61.13,1GWmveHk2myxwDgbipt4qwzpJUAdd8BqCA,
2026-09-08,969901,059150566b80ac88c5c4db5c36a79f210084a7b35b25b18215b65e00c974f633,neoxa,deposit,0.67953870,154.93,1GWmveHk2myxwDgbipt4qwzpJUAdd8BqCA,
2026-09-08,969902,ffff6e367bfd9402e1a47e9495b6a4acb6e8229cd38b22fce69817a403c09061,neoxa,withdrawal,3.20000000,729.6,bc1qflzda7awywzemhhfnncz2m5d9dzlam6hp5p2qj,
2026-09-08,969903,79ce952df9d0cbaee2bdb6ee630faf954adaa941c6f7927678a0556bb0452ec5,neoxa,withdrawal,4.63385214,1056.52,1Ej81xuyhkYD2QUrGxuhaUg6fSUcNhUpJN,
2026-09-08,969903,79ce952df9d0cbaee2bdb6ee630faf954adaa941c6f7927678a0556bb0452ec5,neoxa,withdrawal,5.86049574,1336.19,bc1qhjqta6ugf6k3dfp8745qwn540kykhmzkyqltkq,
2026-09-08,969903,fcc34e6b61fa1b613a2bab3f7ece57552bae446f299237fbe9295dbe0f1c9c72,neoxa,deposit,0.65840000,150.12,1EncKs9FWy8i6DPo5nPopnD3H9eqho43fU,
2026-09-08,969904,0051132abe008e6629fbe00dde672b95b75dc788b310f3f632cf79de2ea12e9b,neoxa,withdrawal,13.35959953,3045.99,17YcWT7qtQASe56Cdubfzhv19FeqYknxmj,
2026-09-08,969904,0051132abe008e6629fbe00dde672b95b75dc788b310f3f632cf79de2ea12e9b,neoxa,withdrawal,3.72014901,848.19,bc1qkcus8ua3c4lqdd27kg2dcw5v7adfl953dqv57t,
2026-09-08,969905,cdb975f60dbdb0553753c92d224af3c892500cceea55e900b85431c3824c3d3a,neoxa,withdrawal,0.99980000,227.95,bc1qfvc3f9hltj8au9xll2gfn0epc8zm5f4q980s68,
2026-09-08,969905,cdb975f60dbdb0553753c92d224af3c892500cceea55e900b85431c3824c3d3a,neoxa,withdrawal,6.52643613,1488.03,14GCQHVZSWfxuRktLrhr7tozDiq9KtMixQ,
2026-09-08,969907,bb5202154e4f81dcd5d850680a363400cecb387fbca5983325dd77b8e31976fe,neoxa,deposit,1.60442744,365.81,bc1qqme26fvym0sl2568g3wn8dytt280jyhs7ln7m3,
2026-09-08,969909,6c09684e8af730223a51e6c2debcd85fc0d608ba3d0603b2e7a9ca9f07f1244b,neoxa,deposit,3.09700000,706.12,1By8prQMbUciuccQuRFBsyeqFUmbudM1Cd,
2026-09-08,969912,175c9eaf6cc915fa07854832e3f7823cf61463b43c66d7e91c9d9f317ec89a36,neoxa,deposit,0.38491022,87.76,1KAkdwqN8W5s5ypAUeNFx6AQfwZVyTaZKZ,
2026-09-08,969912,175c9eaf6cc915fa07854832e3f7823cf61463b43c66d7e91c9d9f317ec89a36,neoxa,deposit,0.59272975,135.14,1KAkdwqN8W5s5ypAUeNFx6AQfwZVyTaZKZ,
2026-09-08,969912,175c9eaf6cc915fa07854832e3f7823cf61463b43c66d7e91c9d9f317ec89a36,neoxa,deposit,0.32142353,73.28,1KAkdwqN8W5s5ypAUeNFx6AQfwZVyTaZKZ,
2026-09-08,969912,175c9eaf6cc915fa07854832e3f7823cf61463b43c66d7e91c9d9f317ec89a36,neoxa,deposit,0.42132048,96.06,1KAkdwqN8W5s5ypAUeNFx6AQfwZVyTaZKZ,
2026-09-08,969913,8e5c70020fbcd4528a8e92a99d28930b1eed96d3dca896bfa4a88b72c30a21d6,neoxa,deposit,0.52500000,119.7,1EncKs9FWy8i6DPo5nPopnD3H9eqho43fU,
2026-09-08,969913,f6e14d9bc7494d3e9b344a82b965b0be53c599d3d98d561b70c428bb4cd99621,neoxa,withdrawal,4.03568673,920.14,bc1qap94w2rrqp0whqzwjwt9jppaqvs4ztlua7k53p,
2026-09-08,969913,80fd492fbae998d59f2df87addffde02ad28309fef41c1b2729e793bba784a49,neoxa,withdrawal,1.09906974,250.59,bc1quc72zvwgmsuvketcadhgv9p8rkxa7gks3sk6cxjruzyyzl92q3xsp6s5yp,
2026-09-08,969915,c5093e78f97fdf798b14372f5f21965ecb239aefcd458058ae833281c0468f88,neoxa,deposit,5.00000000,1140.0,bc1qpamxs5f04g5w84h44yangdpavhze5cm95lps5y,
2026-09-08,969915,94e4d03329b660ea062d7f15167150b710e7281ce7510ab0121537286b771272,neoxa,withdrawal,0.65896548,150.24,bc1qa32ytdkrpacs3t7ymwd9z5s93y7nruqqv28ecn,
2026-09-08,969917,30d63b340df63de36ca0236f2ee3a55eacf646935fd0a7a13bec6fc3bc692597,neoxa,deposit,1.39439999,317.92,1EncKs9FWy8i6DPo5nPopnD3H9eqho43fU,
2026-09-08,969917,c1c6247dd9a2cf0e56729bd9dae3ad9cac5fab660d7b44777398dded2389ac1c,neoxa,deposit,0.45694866,104.18,18SJi59w8uRPdu6vwY7r7htBkLsxwhD2Wc,
2026-09-08,969917,c1c6247dd9a2cf0e56729bd9dae3ad9cac5fab660d7b44777398dded2389ac1c,neoxa,deposit,0.26025462,59.34,18SJi59w8uRPdu6vwY7r7htBkLsxwhD2Wc,
2026-09-08,969918,564684505191e08fd49cf65d4e838860fbf15755d30c645db8deff09bd9dfb92,neoxa,deposit,3.45720000,788.24,1EncKs9FWy8i6DPo5nPopnD3H9eqho43fU,
2026-09-08,969918,564684505191e08fd49cf65d4e838860fbf15755d30c645db8deff09bd9dfb92,neoxa,deposit,0.86330000,196.83,1EncKs9FWy8i6DPo5nPopnD3H9eqho43fU,
2026-09-08,969921,790d96841a81f47e135627879e226c0c12f1472f3eda7e2a0cb54da2a89340f9,neoxa,deposit,5.73950000,1308.61,1EncKs9FWy8i6DPo5nPopnD3H9eqho43fU,
2026-09-08,969921,a90032d4faddfd9dc64c0a111d67c9c18c1e918d1dbc51d7385231483676d6f2,neoxa,deposit,1.42236060,324.3,bc1qqme26fvym0sl2568g3wn8dytt280jyhs7ln7m3,
2026-09-08,969922,4c9ed8be5d2ddde020a49424056b461bb1d2f5cd5f7e5ae56470129c5a15cc8e,neoxa,withdrawal,11.99790090,3791.34,bc1qsnejccq0eyswzrgkfg59386l2ch7gsphe990my,
2026-09-08,969922,4c9ed8be5d2ddde020a49424056b461bb1d2f5cd5f7e5ae56470129c5a15cc8e,neoxa,withdrawal,109.29497531,34537.21,1hgdMwGT1Y3RJYa2xwQpoTBMutTUnTodQ,
2026-09-08,969923,c2abb8d8ce47e098927aba88564f036b34b873edbc887f32e8f876231b4d847e,neoxa,withdrawal,7.13862313,2255.8,16vM9GE3wkXxNkbZCSdrNyprfwEnhPYYob,
2026-09-08,969923,c2abb8d8ce47e098927aba88564f036b34b873edbc887f32e8f876231b4d847e,neoxa,withdrawal,3.11751142,985.13,bc1qx2khnvdw3th8dvej2mg3tj7qz8seucgr3g6g0c,
2026-09-08,969923,c6be9acb9740ccc6eaa0e4fad5cf5bfe056ef9619dcb9b36f9a63e9fe2334300,neoxa,deposit,2.49999678,790.0,bc1qa8lrfstk9jnh4h0ptchgfqudhecx9xj9vw00cs,
2026-09-08,969923,5e300e1343927b9ac3956e74709d15f82d6c0a0b8d13685c7c803d1184f9f915,neoxa,deposit,2.05624449,649.77,1FH4a5zq3qqccxrFUP1AWx3A4Lzc2KAtVT,
2026-09-08,969923,5f3b89d590b9fb438753fb29c35c2e6ab27576a4282a917b2d28c78b6f879ae4,neoxa,deposit,0.86360000,272.9,13B8ECMgMkhqsLifjA62Aad5o65ysHUEFh,
2026-09-08,969923,1d31ce24de5dee178100916ce6802541180a43e9b70d42aaeb91bed323cb7ee5,neoxa,deposit,0.68930001,217.82,139oeEzCLCSQgNcJeF8L3dpwuc2VpLzxsH,
2026-09-08,969923,61cd80cba8e9f6b1f77eaba17833d0cb3ff91c9db0d0b8de037b51d8041affeb,neoxa,deposit,0.31355326,99.08,1EHaLGEQtKGEHbRgYKoR4Gkwu98HaxVx6A,
2026-09-08,969923,61cd80cba8e9f6b1f77eaba17833d0cb3ff91c9db0d0b8de037b51d8041affeb,neoxa,deposit,0.65970273,208.47,1EHaLGEQtKGEHbRgYKoR4Gkwu98HaxVx6A,
2026-09-08,969923,61cd80cba8e9f6b1f77eaba17833d0cb3ff91c9db0d0b8de037b51d8041affeb,neoxa,deposit,0.30310206,95.78,1EHaLGEQtKGEHbRgYKoR4Gkwu98HaxVx6A,
2026-09-08,969923,61cd80cba8e9f6b1f77eaba17833d0cb3ff91c9db0d0b8de037b51d8041affeb,neoxa,deposit,0.35316342,111.6,1EHaLGEQtKGEHbRgYKoR4Gkwu98HaxVx6A,
2026-09-08,969924,686433a31fc6cd6cf0537f656718453265df916ca89ca3a1de72b64a350d923f,neoxa,deposit,0.99650000,314.89,1EncKs9FWy8i6DPo5nPopnD3H9eqho43fU,
2026-09-08,969924,54adf84a700c008384962466c9b7a32e5221dc855e7c6d5a825164e4a4989951,neoxa,withdrawal,5.50959645,1741.03,bc1q84q4mdf5hgnuanc8j3hmsdwmkygyw2a5rng4y0,
2026-09-08,969924,e075ecc1f621662a821af86aff0a5e5655871981e760c7ac1b5e9f6bc246799e,neoxa,deposit,1.71370000,541.53,1EncKs9FWy8i6DPo5nPopnD3H9eqho43fU,
2026-09-08,969925,abcc823290f65f361ea2a11fcc830573970234f6f1d93d52e63c7cd7a6bbaa5c,neoxa,withdrawal,13.15507484,4157.0,3B2hwhWoDjiFA8Y7MhhdRoz8bi7aEpJcZh,
2026-09-08,969925,239738953bc73f5484ac21d2965b54ebcb9635ad9a97eb658b9dea29a022fc3a,neoxa,deposit,1.23210000,389.34,1EuCey1dhV2LgZTS6SVaZYgR4HixdPpBfs,
2026-09-08,969925,ff59f808b93a1cb687a582f1111ef7581ba8a471285cca8b56cf309ba716b464,neoxa,withdrawal,17.68755296,5589.27,17EJpWBn8uthBFCs3F4BXK2pybPMija522,
2026-09-08,969925,ff59f808b93a1cb687a582f1111ef7581ba8a471285cca8b56cf309ba716b464,neoxa,withdrawal,11.02468091,3483.8,bc1qvcv5n50mfxar49e665eeqwx82qas2edmk08xlc,
2026-09-08,969925,b8f4185c0310f58cfe39fa03a3aa67367f4e09661766f53576fc706d04c72ffa,neoxa,withdrawal,0.69326846,219.07,bc1qrhtxgn90avr7lyntdc0jdwxd3tl4ntqvxyeaz9,
2026-09-08,969925,cc6b3598504a82013b89ebcd9fa933d568c8bc10da947eff69ebb9f51174850f,neoxa,withdrawal,0.34728725,109.74,bc1q9whrdufghk90trpdgpxu402c7clar8ds8v5n49,
2026-09-08,969926,295afdc98024fbaa75a65589084ec474206487b734a0309c744413ddd2bb076e,neoxa,deposit,6.76759811,2138.56,bc1qz82kjvdqp5chwdv28l36tqfmxy8yu6732jr3v8,
2026-09-08,969926,68e09d0a301c1fe2432392fe12005b698414911b829078e9ae9058b27d3a39d2,neoxa,deposit,0.82115920,259.49,bc1qqme26fvym0sl2568g3wn8dytt280jyhs7ln7m3,
2026-09-08,969927,7e188015a5379faa6caf8160f3f4c33a8f3defce689fd273e545e6f056dc4182,neoxa,deposit,0.98065528,309.89,1EncKs9FWy8i6DPo5nPopnD3H9eqho43fU,
2026-09-08,969928,c3a255dbea7b4661c83380c5a61031a9a8e88e4f5c3ab6ac978cf560df8c4b0b,neoxa,withdrawal,11.65924747,3684.32,bc1q25u20rc6clr6cpuckkqqsm6xn8yl0y2psq3dut,
2026-09-08,969929,fc7c85d737effa9c94b85309cf931a828d0065319c36fe67e5a14ebd8f86f242,neoxa,withdrawal,63.55943617,20084.78,bc1qwheey9yfzz0evnvrujfdezsqmynh6tcty3cm0m,
2026-09-08,969929,49378011aa1fc90bc3bfd1f218b98a92920ce2488d79958bc131c628b489d9c0,neoxa,deposit,1.11840000,353.41,1EncKs9FWy8i6DPo5nPopnD3H9eqho43fU,
2026-09-08,969929,49378011aa1fc90bc3bfd1f218b98a92920ce2488d79958bc131c628b489d9c0,neoxa,deposit,0.86390000,272.99,1EncKs9FWy8i6DPo5nPopnD3H9eqho43fU,
2026-09-08,969930,1a617164a2a989ea3ced0948826ef3cabfd1500666a28af5229c1c3c58da6489,neoxa,withdrawal,727.24634234,229809.84,1491TujvfZC7idRMVM1HgCngiCbY4h4ULg,
2026-09-08,969930,1a617164a2a989ea3ced0948826ef3cabfd1500666a28af5229c1c3c58da6489,neoxa,withdrawal,11.11224084,3511.47,bc1qrchawpvc5mafnqwlgaxvqqunlghmv0qwsuu3fd,
2026-09-08,969930,a5f455cb0f8f59f3c02a94023aac15c5d23584cdb8f9089d965eb059406c5e9e,neoxa,deposit,1.72890000,546.33,1EncKs9FWy8i6DPo5nPopnD3H9eqho43fU,
2026-09-08,969930,a5f455cb0f8f59f3c02a94023aac15c5d23584cdb8f9089d965eb059406c5e9e,neoxa,deposit,2.46240000,778.12,1EncKs9FWy8i6DPo5nPopnD3H9eqho43fU,
2026-09-08,969930,6b814ff71491106d67da55c0120efef92ddd8e705c2f689d66df91fff3817057,neoxa,deposit,1.03930000,328.42,1EncKs9FWy8i6DPo5nPopnD3H9eqho43fU,
2026-09-08,969930,1f714ef4ec80d9fbe55557f6ca98284242b305ef096f02eacfb818a08126f402,neoxa,withdrawal,1.00000000,316.0,bc1q4q3cl97tytzmmll76tvc73mf0d63jp7pd2zf70,
2026-09-08,969930,da070f0d9ef76d9ffb530dbd9f0e79d8f1afd4e89ffb9f5866d9855d19aadb85,neoxa,withdrawal,0.39365874,124.4,bc1q67hap353388q4wpclsq7z93cakcm5epk4pc6mr,
2026-09-08,969930,da070f0d9ef76d9ffb530dbd9f0e79d8f1afd4e89ffb9f5866d9855d19aadb85,neoxa,withdrawal,0.54000167,170.64,19MTqh2nbM57wNEB5qE5tdisQKASf1dgGF,
2026-09-08,969930,9152c0e2015fc413a43fb2cfe2b2989b2066364d188eae2ff72ab45a7b8ea664,neoxa,deposit,0.66577915,210.39,bc1qlrmjpgg0e5jrhmzyjmtgc6dfpdr66sps8vjl2q,
2026-09-08,969930,9152c0e2015fc413a43fb2cfe2b2989b2066364d188eae2ff72ab45a7b8ea664,neoxa,deposit,0.30465038,96.27,bc1qlrmjpgg0e5jrhmzyjmtgc6dfpdr66sps8vjl2q,
2026-09-08,969930,9152c0e2015fc413a43fb2cfe2b2989b2066364d188eae2ff72ab45a7b8ea664,neoxa,deposit,0.51689129,163.34,bc1qlrmjpgg0e5jrhmzyjmtgc6dfpdr66sps8vjl2q,
2026-09-08,969931,f2e6a3401e654705d0ae89e5c25656fac47278c138601e233b325d2695d374b0,neoxa,deposit,1.95540000,617.91,1EncKs9FWy8i6DPo5nPopnD3H9eqho43fU,
2026-09-08,969932,c8eb36e553bd1884529e624c0910a5d863358a3c3c26826ac6bcb4d5952833aa,neoxa,deposit,1.71900000,543.2,1EncKs9FWy8i6DPo5nPopnD3H9eqho43fU,
2026-09-08,969932,9e40bc959057896f6562f0b638f607143a39c1f94f1729137ffd31b7aae6ef00,neoxa,withdrawal,2.77612756,877.26,1Kq1mFaSbtXZi5BAsUo5PubT5Krz7sJ8La,
2026-09-08,969932,9e40bc959057896f6562f0b638f607143a39c1f94f1729137ffd31b7aae6ef00,neoxa,withdrawal,1.99990000,631.97,bc1q3k0peutxct62x63annwce659slyf04kkg4f09s,
2026-09-08,969932,fa2ef334be9173ae749d72916814d717b958c57aed1b3ef6a18a434aadc9b5d5,neoxa,deposit,2.52620000,798.28,19HWanhedvtQVnDXYo7KJBQ5EzjQvn6Hkr,
2026-09-08,969932,5baa5357de0c11ab3df2d7d6000c2d543efa399d96d598b204069b970baed9f5,neoxa,withdrawal,0.32804896,103.66,bc1qgycy6puk95yql2670ecfa6a2aqk08xtaqkr7dv,
2026-09-08,969935,02a4c7a143d7b52ec15af8047e850b5d06c4e3490f536bfacc3afdb98da4a3b4,neoxa,withdrawal,0.83990000,265.41,bc1qt3mvtszuhn59xpwwh60azwd3qvl9dygu3han4f,
2026-09-08,969935,46e311b83d51aa1a0256509932a6d40307161383e5982b6ecfa3dfd074addaed,neoxa,withdrawal,0.61147935,193.23,16nEUmkb2sNYh9d2ULQZPtUR781DFNMgCA,
2026-09-08,969935,49eb51c9be6c8fef6f594bf946d7d9506c80bffc3dcd31115c6634db3f82475d,neoxa,deposit,0.86492830,273.32,1JN5bb6Cbxba2eyDLLEmJGnyEgaJpNU4fb,
2026-09-08,969935,49eb51c9be6c8fef6f594bf946d7d9506c80bffc3dcd31115c6634db3f82475d,neoxa,deposit,0.40040546,126.53,1JN5bb6Cbxba2eyDLLEmJGnyEgaJpNU4fb,
2026-09-08,969935,49eb51c9be6c8fef6f594bf946d7d9506c80bffc3dcd31115c6634db3f82475d,neoxa,deposit,0.26685706,84.33,1JN5bb6Cbxba2eyDLLEmJGnyEgaJpNU4fb,
2026-09-08,969935,49eb51c9be6c8fef6f594bf946d7d9506c80bffc3dcd31115c6634db3f82475d,neoxa,deposit,0.26510740,83.77,1JN5bb6Cbxba2eyDLLEmJGnyEgaJpNU4fb,
2026-09-08,969935,49eb51c9be6c8fef6f594bf946d7d9506c80bffc3dcd31115c6634db3f82475d,neoxa,deposit,0.77670117,245.44,1JN5bb6Cbxba2eyDLLEmJGnyEgaJpNU4fb,
2026-09-08,969940,23a19c912a9d6cc34f0bd7f708c20739a3d7bb0e236da50b91b0440bf2bf8c5c,neoxa,deposit,1.32470000,418.61,1EncKs9FWy8i6DPo5nPopnD3H9eqho43fU,
2026-09-08,969940,b5f5877a4fd0a10c7398a2d881c48d7be224e754ae99e7b1e646f75836c0c613,neoxa,deposit,0.42411797,134.02,12BwrPHoQAHtF5vkWJVesnEi75xbVTnZhk,
2026-09-08,969940,b5f5877a4fd0a10c7398a2d881c48d7be224e754ae99e7b1e646f75836c0c613,neoxa,deposit,0.39551910,124.98,12BwrPHoQAHtF5vkWJVesnEi75xbVTnZhk,
2026-09-08,969943,fa07816f3603f8da694af51d7318cf7bb2f0d7a14536e1041579bc8b46e68859,neoxa,withdrawal,1.05762577,334.21,13eZMps1s2nuDUTcvYJhDCHXRid7TuinUU,
2026-09-08,969943,fa07816f3603f8da694af51d7318cf7bb2f0d7a14536e1041579bc8b46e68859,neoxa,withdrawal,8.44215014,2667.72,bc1q9u04d05vfsvc7mrmc6q3e0arqaj7djl8msj57d,
2026-09-08,969944,00cb900ee75790d949fc049183b6ae4ec588d5cf43a4628887fcc85008bda986,neoxa,deposit,1.00099561,316.31,bc1px9nk56eg3g36nahderwj3sf6kfv75kudfkpdd9v5gc02wk3vh0xsz3wr3f,
2026-09-08,969945,d6bb55fd318e258870408b45ccd322c5be49cf5566d26c7beb300a1ca3e01220,neoxa,withdrawal,0.99990000,315.97,bc1q6ydtqfaw5ft889khuamj37g32ny2yyye2f2egh,
2026-09-08,969945,d6bb55fd318e258870408b45ccd322c5be49cf5566d26c7beb300a1ca3e01220,neoxa,withdrawal,2.62483978,829.45,12TCCViJbVQpwviwNSigktFGbuyuifzwKA,
2026-09-08,969945,387af91080a0ff103dadf588d4b638208d244c2e44330aabb82692715f16d823,neoxa,deposit,0.31586802,99.81,1HRTRgYZ6MxBNn2CHf4dupftHGcZ9jVsbP,
2026-09-08,969945,387af91080a0ff103dadf588d4b638208d244c2e44330aabb82692715f16d823,neoxa,deposit,1.03341665,326.56,1HRTRgYZ6MxBNn2CHf4dupftHGcZ9jVsbP,
2026-09-08,969945,387af91080a0ff103dadf588d4b638208d244c2e44330aabb82692715f16d823,neoxa,deposit,0.47748541,150.89,1HRTRgYZ6MxBNn2CHf4dupftHGcZ9jVsbP,
2026-09-08,969945,387af91080a0ff103dadf588d4b638208d244c2e44330aabb82692715f16d823,neoxa,deposit,0.34547376,109.17,1HRTRgYZ6MxBNn2CHf4dupftHGcZ9jVsbP,
2026-09-08,969945,387af91080a0ff103dadf588d4b638208d244c2e44330aabb82692715f16d823,neoxa,deposit,0.32310576,102.1,1HRTRgYZ6MxBNn2CHf4dupftHGcZ9jVsbP,
2026-09-08,969945,387af91080a0ff103dadf588d4b638208d244c2e44330aabb82692715f16d823,neoxa,deposit,0.36326097,114.79,1HRTRgYZ6MxBNn2CHf4dupftHGcZ9jVsbP,
2026-09-08,969945,387af91080a0ff103dadf588d4b638208d244c2e44330aabb82692715f16d823,neoxa,deposit,0.97650050,308.57,1HRTRgYZ6MxBNn2CHf4dupftHGcZ9jVsbP,
2026-09-08,969946,a88c72966de187ea07dc31e43a025e10c78098b12941bdadb35632f5dfdfbfff,neoxa,withdrawal,20.00000000,6320.0,bc1qnx5qs82gm3drqev4jvgxykmh33xy7gjmwr2ad9,
2026-09-08,969946,ddbec96b51e113f75a8a574bd6f90f52c1571f381a261730a92fcfb1370c942f,neoxa,withdrawal,0.96968919,306.42,bc1qyn9q2y00ctndtlmcvymd95ek724c9fhp85duqw,
2026-09-08,969946,abba837947607724543f74c9aacb1068a1ec2ada41648e00589141c9d24f2e96,neoxa,withdrawal,3.31866722,1048.7,bc1q5epltcc7naksglfh2klu8yj2ps0ngz6g6k0mh2,
2026-09-08,969946,34f483430134e1068a995191a1306943d4ee7c31fb890a4927ea8ad9fc12f7e5,neoxa,withdrawal,1.50704597,476.23,19e82rTCneCno9sumeiYQJaqHNVPiNUrLx,
2026-09-08,969947,817b0343e7aa5df9038125ae2299e48d1fc98dfe6f6f15f38c83630f72443ff0,neoxa,deposit,0.99976440,315.93,bc1p5eze86zcddj85n96vgd086hua2fe5fdzc7t5hjexmhvyu9n2zrdsjuuhja,
2026-09-08,969949,e31a3bf3d1410ba0cd3f49b5286aa22c7398bd531ea90c759abcfbe008b4bfc3,neoxa,withdrawal,263.52741609,83274.66,1NMvTCA8N9VVeK7LzbMZVrX4ZnNeRmBxrt,
2026-09-08,969949,e31a3bf3d1410ba0cd3f49b5286aa22c7398bd531ea90c759abcfbe008b4bfc3,neoxa,withdrawal,1.59990000,505.57,159wtPYf6E2edrmTP1murigz1cg7mFEbdZ,
2026-09-08,969949,0e37506166b5b015a6fc9ae3c42c7c73abb00cd935b93b42f961dceab2693f72,neoxa,withdrawal,1.00000000,316.0,bc1ql0kwx67ktds3ja5maw9r5dv38at9kast8jr30w,
2026-09-08,969949,76711ea6778a64b1e157cc967ef4dd6cbbc34f869fee10336fec22818d5a488c,neoxa,deposit,0.61199357,193.39,1NH7BegvKuf3JzJi361u4F8TCAzaGwtTee,
2026-09-08,969949,76711ea6778a64b1e157cc967ef4dd6cbbc34f869fee10336fec22818d5a488c,neoxa,deposit,0.28950490,91.48,1NH7BegvKuf3JzJi361u4F8TCAzaGwtTee,
2026-09-08,969949,76711ea6778a64b1e157cc967ef4dd6cbbc34f869fee10336fec22818d5a488c,neoxa,deposit,0.58224651,183.99,1NH7BegvKuf3JzJi361u4F8TCAzaGwtTee,
2026-09-08,969951,4187d9290c5ab6996743000e7d4d4d4c99998c265e29f1bd1c4d14a17b26479f,neoxa,withdrawal,2.32594324,735.0,19e82rTCneCno9sumeiYQJaqHNVPiNUrLx,
2026-09-08,969951,4187d9290c5ab6996743000e7d4d4d4c99998c265e29f1bd1c4d14a17b26479f,neoxa,withdrawal,0.28186816,89.07,1BrTRjagfD82rq1BmKGcUfaGBjPkJdqMij,
2026-09-08,969952,300189f671c954045155bed8d6276380b8aa3c2140d45ee397a8caf890304aaf,neoxa,deposit,1.49980000,473.94,1EncKs9FWy8i6DPo5nPopnD3H9eqho43fU,
2026-09-08,969952,490821ae0282ffe77cbd910b40a5e74f312f5a11e7fefe400679357ce0b1cb8f,neoxa,withdrawal,1.03211128,326.15,bc1qnuf0trsxpq83zxkrrj57axvq87v6y3f3q6lme2,
2026-09-08,969952,f21ccd647aad0d624dbe10f76874cd0faf8b106bce7a954a7fddfef9e07823da,neoxa,deposit,0.92940000,293.69,1Bn74Xw7Zz3oxPGNaChRkW8BZ4Ze12zAtE,
2026-09-08,969953,c343c2add758972ead1ea3b8eaed20bea85f122081165b1632ad75bae889576b,neoxa,withdrawal,3.31880000,1048.74,bc1q0lrn86438ngw73xfkedacxzjgsdvxspv02pn0t,
2026-09-08,969953,f1e52a728041ac9a1a39a8e500ba74b4a593bdabc0f8a46c26ddff4c124e3d09,neoxa,deposit,1.11380000,351.96,1Jiiua66ERzK5ZdcyqNURWUt4pUM5vNo11,
2026-09-08,969953,d431d4d96fea2e0839526a3dec58ccada8bb6a51bbd04979eb87db0f17c02de3,neoxa,deposit,0.61407790,194.05,1KfKVAeH3Wb9QDjQRw8ciFTXuexnj4yWxB,
2026-09-08,969953,d431d4d96fea2e0839526a3dec58ccada8bb6a51bbd04979eb87db0f17c02de3,neoxa,deposit,0.28437802,89.86,1KfKVAeH3Wb9QDjQRw8ciFTXuexnj4yWxB,
2026-09-08,969953,d431d4d96fea2e0839526a3dec58ccada8bb6a51bbd04979eb87db0f17c02de3,neoxa,deposit,0.58141773,183.73,1KfKVAeH3Wb9QDjQRw8ciFTXuexnj4yWxB,
2026-09-08,969953,2f31f35521c52b852d06afaad669352b54ea7608768862ded9c1f0baaa85a6d4,neoxa,deposit,5.29108498,1671.98,bc1qqme26fvym0sl2568g3wn8dytt280jyhs7ln7m3,
2026-09-08,969954,7bccf6af078dedf33feec3f0bf69b66d7bfea0860a97b33905a6187d4cd0c01c,neoxa,deposit,0.40000000,126.4,bc1qg2jx08lsrwqkl5zyzf7s0n7da8q72yp6nqswcq,
2026-09-08,969954,fcd0aab770f4eab73192393d66542096f205065694643ccd9a80d56c8337b0a5,neoxa,deposit,0.78770000,248.91,1GmnBPGqt4nUbJi7RV8qBy5a5pk87Tdt5f,
2026-09-08,969956,15c123436486721293c845e15e116be06294efc911422d6530a11a8f70ae4578,neoxa,withdrawal,7.71262405,2437.19,bc1qupch35ep37tz6ctq9kr0g2zk4wzhfuh56lfa82,
2026-09-08,969956,84bfdce3281baf6c152e664ae62e6c035f951015a1b1f930e3d10b2d1b8341bc,neoxa,withdrawal,1.87990000,594.05,bc1qqmhhnyx34a5y8aty8zda82s593hd8z3342e3yp,
2026-09-08,969956,fb62ac4879904586c2fae6cc6bbd6d6413e6b0b384ce44c17cd227402a04d767,neoxa,withdrawal,0.96290400,304.28,1AwG9t7g2r7cafcrsTbZ9FBFVSRuAo6eFS,
2026-09-08,969956,fb62ac4879904586c2fae6cc6bbd6d6413e6b0b384ce44c17cd227402a04d767,neoxa,withdrawal,1.00000000,316.0,bc1qwq4vq588kxxcaq308gak5mzrg54uc8wlfgur5p,
2026-09-08,969957,cf5ebc5f3bd1f7a22a11ea3c38298095842e6b692357c1d58c4ef31016a21e4b,neoxa,withdrawal,10.26845805,3244.83,1JabXQh9XoNFX1uNoAi9WbgLCRdNwonQ8e,
2026-09-08,969957,853f3a7e2dc9ad9f1e03da4f081313959aedbf67190d4c124406e108cddeae90,neoxa,withdrawal,7.80442998,2466.2,bc1qzhmdyxnwpyszh7a89ahdpt945zegv0usr46hw3,
2026-09-08,969957,0b9d4e1394139a502dc89fbefd3f8325529c462d887cd5caf98c355314daba0f,neoxa,deposit,0.79400000,250.9,1EncKs9FWy8i6DPo5nPopnD3H9eqho43fU,
2026-09-08,969957,9efd51719057f7eebd669117737e7944254f7036432c83928e0011a1541c5390,neoxa,withdrawal,1.06875645,337.73,bc1q7wy7mjj0etvhawfpt2mdvvusx0hnuefc9lpwp9,
2026-09-08,969961,70df6d1bbbd4e18825a73c28114a8ad8d5df170c302f571346b094e79715eab8,neoxa,deposit,0.79211636,250.31,bc1qt7yxh22d4uwhm9eyvzrptly40538ke823q9clw,
2026-09-08,969961,eccdf52b8cdf55d0d688667a15ff1617a5a561b2da96bb03522c663ede89edba,neoxa,deposit,1.13698847,359.29,bc1qhcx9a7yej9vw8t82jzw9wuegd99jt9k38dduh3,
2026-09-08,969962,f088eecd56b7c3584879fba5a008357844d44965610150372f410affa51e1cbc,neoxa,deposit,0.43182810,136.46,14sHZ6UbEaWdEZLRxbvNHpcmwTCW4y1MW7,
2026-09-08,969962,f088eecd56b7c3584879fba5a008357844d44965610150372f410affa51e1cbc,neoxa,deposit,0.31971522,101.03,14sHZ6UbEaWdEZLRxbvNHpcmwTCW4y1MW7,
2026-09-08,969962,f088eecd56b7c3584879fba5a008357844d44965610150372f410affa51e1cbc,neoxa,deposit,0.25311620,79.98,14sHZ6UbEaWdEZLRxbvNHpcmwTCW4y1MW7,
2026-09-08,969962,f088eecd56b7c3584879fba5a008357844d44965610150372f410affa51e1cbc,neoxa,deposit,1.46579894,463.19,14sHZ6UbEaWdEZLRxbvNHpcmwTCW4y1MW7,
2026-09-08,969962,f088eecd56b7c3584879fba5a008357844d44965610150372f410affa51e1cbc,neoxa,deposit,0.68219053,215.57,14sHZ6UbEaWdEZLRxbvNHpcmwTCW4y1MW7,
2026-09-08,969962,f088eecd56b7c3584879fba5a008357844d44965610150372f410affa51e1cbc,neoxa,deposit,0.31900622,100.81,14sHZ6UbEaWdEZLRxbvNHpcmwTCW4y1MW7,
2026-09-08,969962,f088eecd56b7c3584879fba5a008357844d44965610150372f410affa51e1cbc,neoxa,deposit,0.47799478,151.05,14sHZ6UbEaWdEZLRxbvNHpcmwTCW4y1MW7,
2026-09-08,969962,f088eecd56b7c3584879fba5a008357844d44965610150372f410affa51e1cbc,neoxa,deposit,0.48297955,152.62,14sHZ6UbEaWdEZLRxbvNHpcmwTCW4y1MW7,
2026-09-08,969962,f088eecd56b7c3584879fba5a008357844d44965610150372f410affa51e1cbc,neoxa,deposit,0.49497178,156.41,14sHZ6UbEaWdEZLRxbvNHpcmwTCW4y1MW7,
2026-09-08,969962,f088eecd56b7c3584879fba5a008357844d44965610150372f410affa51e1cbc,neoxa,deposit,1.37681047,435.07,14sHZ6UbEaWdEZLRxbvNHpcmwTCW4y1MW7,
2026-09-08,969965,e4d6f3a814dbda6b37d76556eaf212c9a150f76c266f362febe053b38ffdc036,neoxa,deposit,0.69898250,220.88,1EncKs9FWy8i6DPo5nPopnD3H9eqho43fU,
2026-09-08,969965,dff255b2c5c707a3ed6ce77cd873e18b34d4883cd137bbaea10fe18a4ad095c5,neoxa,withdrawal,0.99990000,315.97,bc1qyyl94vrffwe8klvdh4rxghgql2s0xp2aqueph7,
2026-09-08,969967,2ce81f06f94dad0b1086632ef3292cc0e7320f636b30853c832a70336aacf89c,neoxa,deposit,0.41085173,129.83,14oSJxa72CR9ZdrEzjFqsEK8P1TGKR6A89,
2026-09-08,969967,2ce81f06f94dad0b1086632ef3292cc0e7320f636b30853c832a70336aacf89c,neoxa,deposit,0.38579468,121.91,14oSJxa72CR9ZdrEzjFqsEK8P1TGKR6A89,
2026-09-08,969969,1ab3a238855eb65ce103315a7f59da8e28a950690f1d097a66061a46480bfc55,neoxa,deposit,0.46969169,148.42,bc1pth9avxndtgax2d0zytv2rzftwxvz0leptlz78jqanes0t2w2w4dqnltk28,
2026-09-08,969974,e285ab9bab5629935196b77702619fea2814c4aac9363b71ed02755e03d6577e,neoxa,deposit,0.40763725,128.81,1LGRcyHTVrDfgiKequEBZuPc2gxdbRmjM4,
2026-09-08,969974,e285ab9bab5629935196b77702619fea2814c4aac9363b71ed02755e03d6577e,neoxa,deposit,0.39319517,124.25,1LGRcyHTVrDfgiKequEBZuPc2gxdbRmjM4,
2026-09-09,969998,32b92e49b6514c2f7df1081f513bd771ae6c0ddefcca5f5bd0927b7dd54d2dd6,neoxa,withdrawal,12.34708306,3901.68,1LSSDf7oae5aY3b3dJgNTYABPzUk9Je27r,
2026-09-09,969998,32b92e49b6514c2f7df1081f513bd771ae6c0ddefcca5f5bd0927b7dd54d2dd6,neoxa,withdrawal,0.37360463,118.06,1G2Q8t9LZcAEaiQ8XFKmmG7PBLg3iS61Wg,
2026-09-09,969998,3d25681b96ea0167e7c2174112f81a03b86d484e91226eb0ed084ae6a0010885,neoxa,deposit,1.81600000,573.86,1EncKs9FWy8i6DPo5nPopnD3H9eqho43fU,
2026-09-09,969998,3d25681b96ea0167e7c2174112f81a03b86d484e91226eb0ed084ae6a0010885,neoxa,deposit,1.81120000,572.34,1EncKs9FWy8i6DPo5nPopnD3H9eqho43fU,
2026-09-09,969999,872d5f09ef3e429404bc44bff2739bf9bd64171bcc8249c72aad62a8d456d872,neoxa,withdrawal,2.60066138,821.81,bc1qcz0qkav9vlkcu4tqrf63ejzj2duy5wnynym0re,
2026-09-09,969999,872d5f09ef3e429404bc44bff2739bf9bd64171bcc8249c72aad62a8d456d872,neoxa,withdrawal,0.76221438,240.86,154qfCiyXHr3Lzkk91iD1CihdkdyMyyjnp,
2026-09-09,969999,b523d46c9dad281e63f6c527253e769fdac42c5f5f459a46e9bb6e721f85ccbc,neoxa,deposit,1.08110000,341.63,1EncKs9FWy8i6DPo5nPopnD3H9eqho43fU,
2026-09-09,969999,14b7beb75db910e1de2f5ffdd96eacae44445aa008da7a08e98fd56bfc58b1f2,neoxa,withdrawal,1.00000000,316.0,bc1qwzpgteyv4pfj592htelke3mcn53sq37tcuvrcn,
2026-09-09,969999,6ea9f966eb97d1a3d0319a4a85b028a14b79226242832c63a9c9a770c7a91003,neoxa,deposit,1.03450000,326.9,1PnVsRaWzCTeHDpQj4Cb6GMTqMN7foE4ap,
2026-09-09,970000,cf843562f454de27091bfd1c6984dcd59c744fb597a9f5cac0a886c930433313,neoxa,deposit,5.71200000,1804.99,bc1qlrmjpgg0e5jrhmzyjmtgc6dfpdr66sps8vjl2q,
2026-09-09,970002,1c89ad7316a304cb548903f0e6e8fc0e886165aff5ad08e8975cfc53029cf3a8,neoxa,withdrawal,4.58129302,1447.69,1ri23QZyz7MEgVBP24Vafmfb8qgxzA5CC,
2026-09-09,970002,1c89ad7316a304cb548903f0e6e8fc0e886165aff5ad08e8975cfc53029cf3a8,neoxa,withdrawal,45.22998792,14292.68,1MMpYVtYT5pMZyLE6kjKfynxrCuQkrtACb,
2026-09-09,970002,c84e6e5fba382c6625700751d20d60f359e50de5bec3d247c553876acfedcf79,neoxa,deposit,1.80930000,571.74,1EncKs9FWy8i6DPo5nPopnD3H9eqho43fU,
2026-09-09,970002,e3aa312c491e3aa946e859938f494cff96708f457158956730c72b5528797267,neoxa,deposit,0.75860000,239.72,1EncKs9FWy8i6DPo5nPopnD3H9eqho43fU,
2026-09-09,970003,b78e55e98531061a7b857c7f223e8365005ce041d1f1aebb20090b523ebc0c82,neoxa,deposit,0.35191036,111.2,19WPESNhtBWgFdDSAs8jsNASbRnSsNAnNY,
2026-09-09,970003,b78e55e98531061a7b857c7f223e8365005ce041d1f1aebb20090b523ebc0c82,neoxa,deposit,0.78774027,248.93,19WPESNhtBWgFdDSAs8jsNASbRnSsNAnNY,
2026-09-09,970003,b78e55e98531061a7b857c7f223e8365005ce041d1f1aebb20090b523ebc0c82,neoxa,deposit,0.41943934,132.54,19WPESNhtBWgFdDSAs8jsNASbRnSsNAnNY,
2026-09-09,970003,b78e55e98531061a7b857c7f223e8365005ce041d1f1aebb20090b523ebc0c82,neoxa,deposit,0.28645461,90.52,19WPESNhtBWgFdDSAs8jsNASbRnSsNAnNY,
2026-09-09,970003,b78e55e98531061a7b857c7f223e8365005ce041d1f1aebb20090b523ebc0c82,neoxa,deposit,0.28249744,89.27,19WPESNhtBWgFdDSAs8jsNASbRnSsNAnNY,
2026-09-09,970003,b78e55e98531061a7b857c7f223e8365005ce041d1f1aebb20090b523ebc0c82,neoxa,deposit,0.37411496,118.22,19WPESNhtBWgFdDSAs8jsNASbRnSsNAnNY,
2026-09-09,970003,b78e55e98531061a7b857c7f223e8365005ce041d1f1aebb20090b523ebc0c82,neoxa,deposit,0.81681267,258.11,19WPESNhtBWgFdDSAs8jsNASbRnSsNAnNY,
2026-09-09,970005,d338fa2e9caa7ef5fa7854a6cfee0c62d88a03ee80856557c430bd21dc88d2ea,neoxa,deposit,6.19780000,1958.5,1By8prQMbUciuccQuRFBsyeqFUmbudM1Cd,
2026-09-09,970006,53def802d74c728b5ce464ea160dd6f70942aebd3ab540f8796773c7eaf47ba9,neoxa,deposit,3.11380000,983.96,1EncKs9FWy8i6DPo5nPopnD3H9eqho43fU,
2026-09-09,970006,5cfb9997b0a7aa151253c64908a02f16d4710c3ece367c6eceb37c2e791daa78,neoxa,withdrawal,0.41885065,132.36,bc1qmssxqll24w3rq0ttzgrhks54n228n0pdf9x9gx,
2026-09-09,970008,0d610f275bd80160cf997d839071e8a8baf7b38675a626aab128d2573f80cade,neoxa,deposit,6.05290000,1912.72,1EncKs9FWy8i6DPo5nPopnD3H9eqho43fU,
2026-09-09,970008,0d610f275bd80160cf997d839071e8a8baf7b38675a626aab128d2573f80cade,neoxa,deposit,3.08070000,973.5,1EncKs9FWy8i6DPo5nPopnD3H9eqho43fU,
2026-09-09,970008,849a67dad6d625442e2cb0276f1daeba3eb6ec942fc380b1bdb20480d9edbd35,neoxa,deposit,0.40299241,127.35,1JDSHXhSSmoKJc6FyDXZkbmeY3Br9tcH3V,
2026-09-09,970008,849a67dad6d625442e2cb0276f1daeba3eb6ec942fc380b1bdb20480d9edbd35,neoxa,deposit,0.40737594,128.73,1JDSHXhSSmoKJc6FyDXZkbmeY3Br9tcH3V,
2026-09-09,970011,b154c272a3fa11263e78eb68efe858ea36187e27f11b659c1b56d223e3a654fb,neoxa,deposit,0.80950000,255.8,1EncKs9FWy8i6DPo5nPopnD3H9eqho43fU,
2026-09-09,970011,7987d4f8d696d8d454371ec3eb039e6d1608d79b4d68964e53e43433a6548795,neoxa,withdrawal,0.92514912,292.35,bc1qtzf8wvegglt8rrrkcyqvgxzknsnc7klv5uqlsr,
2026-09-09,970011,7987d4f8d696d8d454371ec3eb039e6d1608d79b4d68964e53e43433a6548795,neoxa,withdrawal,0.99261555,313.67,1DnJSF5JatU5froBBWNiA9d1jD7qq6DXvF,
2026-09-09,970011,1372ca9e8a4bf4289df95cff14b2adad06bea500208e9c3f6a9b70fb6f6a1605,neoxa,deposit,6.43435296,2033.26,bc1qqme26fvym0sl2568g3wn8dytt280jyhs7ln7m3,
2026-09-09,970011,3e6691cfadfda34d21cd97963f1ab82f0a5faf528ca56011cde0b13adbc7745b,neoxa,deposit,0.40203943,127.04,bc1qlrmjpgg0e5jrhmzyjmtgc6dfpdr66sps8vjl2q,
2026-09-09,970011,3e6691cfadfda34d21cd97963f1ab82f0a5faf528ca56011cde0b13adbc7745b,neoxa,deposit,0.40670656,128.52,bc1qlrmjpgg0e5jrhmzyjmtgc6dfpdr66sps8vjl2q,
2026-09-09,970015,f482df9a14b5b26f321c9893f5aa4c6ecbb13ad78fd2f1fcb9797211d160eea5,neoxa,deposit,2.21000000,698.36,1NACb8GwKTyDkDGbGjpgPfff9ocUGuqNa2,
2026-09-09,970015,035ebf291b7a7426207470cfb4d5fb8dfd5aea5f35513f5703f08abbe8c6a5c7,neoxa,deposit,0.27771412,87.76,12AVxmwhJqyXkQmU1xGXuZhUnspP9HvJwY,
2026-09-09,970015,035ebf291b7a7426207470cfb4d5fb8dfd5aea5f35513f5703f08abbe8c6a5c7,neoxa,deposit,0.62330172,196.96,12AVxmwhJqyXkQmU1xGXuZhUnspP9HvJwY,
2026-09-09,970015,035ebf291b7a7426207470cfb4d5fb8dfd5aea5f35513f5703f08abbe8c6a5c7,neoxa,deposit,0.32849237,103.8,12AVxmwhJqyXkQmU1xGXuZhUnspP9HvJwY,
2026-09-09,970015,035ebf291b7a7426207470cfb4d5fb8dfd5aea5f35513f5703f08abbe8c6a5c7,neoxa,deposit,0.28022903,88.55,12AVxmwhJqyXkQmU1xGXuZhUnspP9HvJwY,
2026-09-09,970015,035ebf291b7a7426207470cfb4d5fb8dfd5aea5f35513f5703f08abbe8c6a5c7,neoxa,deposit,0.60493696,191.16,12AVxmwhJqyXkQmU1xGXuZhUnspP9HvJwY,
2026-09-09,970018,221fbe2b47fdd5cfabe3e78f3af2389a79a5ad09abc93751f88bd2ff6ab502d3,neoxa,deposit,0.42104513,133.05,1J4WL7FnQPtzYB15fv5jzuWt8qbqUvb56D,
2026-09-09,970018,221fbe2b47fdd5cfabe3e78f3af2389a79a5ad09abc93751f88bd2ff6ab502d3,neoxa,deposit,0.40075141,126.64,1J4WL7FnQPtzYB15fv5jzuWt8qbqUvb56D,
2026-09-09,970019,c0e5ab477bc98cafd71f7467de0cc0063e1a77281bef8c07ce562e4cbde7373f,neoxa,deposit,0.91440000,288.95,1EncKs9FWy8i6DPo5nPopnD3H9eqho43fU,
2026-09-09,970028,d47532c436f8c5475a1ffa326f82c704d0a2bceeb626f974287ce3cc127838f6,neoxa,withdrawal,7.57060758,2392.31,14mCAfM6P4KRa3vac8pFvhk11c3ud94C9T,
2026-09-09,970028,d47532c436f8c5475a1ffa326f82c704d0a2bceeb626f974287ce3cc127838f6,neoxa,withdrawal,5.17853842,1636.42,bc1qcz0qkav9vlkcu4tqrf63ejzj2duy5wnynym0re,
2026-09-09,970028,821d6fbe56ca59025deaf3fee2a70bd290d7b4dfb221fe05dfc1262391c6d2c5,neoxa,withdrawal,1.49761867,473.25,1NuuctU36qZmWbuuQoEPMNphj6ZfsYgULa,
2026-09-09,970028,821d6fbe56ca59025deaf3fee2a70bd290d7b4dfb221fe05dfc1262391c6d2c5,neoxa,withdrawal,3.18707404,1007.12,bc1qvgqkypfj76td9f8pjvgv0az2hxy2t32wxz3w9z,
2026-09-09,970029,1fe39d8180d4305d30dcaca7a2358b9ff66bdb7b3571b6efab7f01e31b087124,neoxa,withdrawal,0.50000000,158.0,bc1qvkcxuguye3rtttuhmwgk7q504g9du90ks9x3jh,
2026-09-09,970029,1fe39d8180d4305d30dcaca7a2358b9ff66bdb7b3571b6efab7f01e31b087124,neoxa,withdrawal,0.78511433,248.1,1DX7WNLjWZuH5ry71BHJPtgUKMUC4hfadU,
2026-09-09,970029,5effedb50c653df2a754f34d66e03c45189e74ec93644fb4ce3378ecf987815e,neoxa,withdrawal,1.16391537,367.8,bc1q9q5rn73td22l386lve7rlhxxmd9tx56aa66mzc,
2026-09-09,970030,67151bdeaae0091f12b764681d3cab984d061e7ccfb8f804f8166fea74d06836,neoxa,withdrawal,2.97210296,939.18,bc1qfy7dmeynpldlfwqj8mm06k2aaugyq24rkm48q7,
2026-09-09,970031,86363229bf9471871372613589f1a10e4b6878bb8379ea35b114c5a3e543883b,neoxa,deposit,1.05680000,333.95,1NUr9wxhXbMZeHWxou8DJ5FrF5PatSHkr2,
2026-09-09,970031,86363229bf9471871372613589f1a10e4b6878bb8379ea35b114c5a3e543883b,neoxa,deposit,1.99660000,630.93,1NUr9wxhXbMZeHWxou8DJ5FrF5PatSHkr2,
2026-09-09,970032,7d8b4b623218b281857a06756951a989f877a820c3c122fa6d360a0b4da09b74,neoxa,withdrawal,0.29990000,94.77,bc1qhyqg0mq28fjhx2tvy8em8qnpzjhvtphwg0elql,
2026-09-09,970034,01c54b399bc436fc2ce9a188544c0edb03d8e9b4d3e3569e8730c6f11f2d65e0,neoxa,deposit,1.44970000,458.11,1KRisxHFd6erFjwcvPaRrqtkAzDMAtVTca,
2026-09-09,970036,ed72c0209f6a203ba7587b21cf214de1ddd759912b35e945a3f9806c44a08888,neoxa,withdrawal,2.00000000,632.0,bc1q09f5pjcgldtup0kmfv5u6cms52wpx4lauaz7dr,
2026-09-09,970036,ed72c0209f6a203ba7587b21cf214de1ddd759912b35e945a3f9806c44a08888,neoxa,withdrawal,26.79330388,8466.68,1D88U8VSeKk6gpAJusL2bey7CnNaEHbA6j,
2026-09-09,970038,d9ea6005e7021110d4cb00db66ba31becdfc55fc5b6ac699f7c440fc0e552777,neoxa,withdrawal,0.50000000,158.0,bc1qh6hvgrq89t6f7f7xt8pc8sjrx59zs8ffypqpgd,
2026-09-09,970038,66c8687323a20a862b7353fc82ab5d430b9d388f20142b1b6d3ad0c4e671c867,neoxa,withdrawal,0.77613815,245.26,bc1qh6hvgrq89t6f7f7xt8pc8sjrx59zs8ffypqpgd,
2026-09-09,970039,de1c1e7452842214fc435e3b878c9522c0f3eac09e07eabebd7a3c8d5384d4c1,neoxa,withdrawal,6.39428217,2020.59,16MwprN2fSv4zJxqQuZwYQzfbbWtkWtKzk,
2026-09-09,970039,de1c1e7452842214fc435e3b878c9522c0f3eac09e07eabebd7a3c8d5384d4c1,neoxa,withdrawal,2.05879616,650.58,1BAop4PJafyajpa44QgaCfm9mDHMenSpXc,
2026-09-09,970039,800a402d5434ddcc4f65c1d24d51e3795b2eea912855fdad777aeccadad77e06,neoxa,withdrawal,0.69476361,219.55,19qYuCTWjQrKng6z1bB9dkeiX3ommWCqLi,
2026-09-09,970039,800a402d5434ddcc4f65c1d24d51e3795b2eea912855fdad777aeccadad77e06,neoxa,withdrawal,1.66781175,527.03,bc1qk040999h2vytq92n4xkufsh3ly0mfzkwtj4fcqmgmwsum8nzg76qzcg5yq,
2026-09-09,970039,e31bfb91f867fc4d64694c386af05198bcd312ef4a8a606d6777cd1a99190ca2,neoxa,withdrawal,0.50000000,158.0,1LsgME3hp79G1wZgV3HPzdvZGdn91kJ3w8,
2026-09-09,970040,1d712353ded7599dd6a6aedbd19441fa599d7a2e20d031a867b497fdec55c990,neoxa,withdrawal,3.41754969,1079.95,1GwPgnoJHoqkuUQ29JMQL9eFeiVRM4m2KD,
2026-09-09,970040,1d712353ded7599dd6a6aedbd19441fa599d7a2e20d031a867b497fdec55c990,neoxa,withdrawal,19.20453739,6068.63,bc1qgkx6ysctvpkanzu3j6eawxw3j2aymud96ql0rw,
2026-09-09,970042,a34f9a97e5b006676f4b332499fc7d488343044b947743b1520a26269b0a90fc,neoxa,withdrawal,23.89610292,7551.17,1L4u9J8DqKAaiMCbmBA2JL793sNgSmdZJN,
2026-09-09,970043,f5ead199675092aad169dbb0a77fda89d28ea9c277fd2a4a25f8429294c1ed62,neoxa,withdrawal,6.26415785,1979.47,bc1q0vt8etfpatfm4cc5wpdf952eexeccsw6se279c,
2026-09-09,970043,d9156a1efcc0641e2109e2cf8b8807067779d9f691c6228a6b668dfeaea93d60,neoxa,withdrawal,1.11348241,351.86,1BTSrjRcKmEhfbK523mPWwQYDLcjSZLQ98,
2026-09-09,970043,d9156a1efcc0641e2109e2cf8b8807067779d9f691c6228a6b668dfeaea93d60,neoxa,withdrawal,0.72543631,229.24,1H4ZnK5piTSZDBKxpEncQYwscJ911ap29f,
2026-09-09,970044,4525ecc001b0f1c04f22772d8a053413d59f5d441de7f0edb9060088d694abfb,neoxa,deposit,1.78650000,564.53,1M1itTDZQAzmFJiuZaB3GT4x6keSmUnzdw,
2026-09-09,970046,d15faf6ab2abfce358cba33755e3e8b2d9c2a46e200d6cf9a83d170840de0624,neoxa,withdrawal,170.58169864,53903.82,14F7VdNS5VvvbSCigm5rp8eunvydPhMgGy,
2026-09-09,970046,d15faf6ab2abfce358cba33755e3e8b2d9c2a46e200d6cf9a83d170840de0624,neoxa,withdrawal,6.88802741,2176.62,1DuQ2xW5ENDXp9qWjSayKCgC3bBhsWBJTc,
2026-09-09,970046,61306fadd3c53545dd9c9a483f5b7b572beed741477333eafb129e0607398ba0,neoxa,deposit,3.85790000,1219.1,1EncKs9FWy8i6DPo5nPopnD3H9eqho43fU,
2026-09-09,970046,1d86d4655758a2ecb388749f865541cbe179ff7592e89a4209bf997aa052569a,neoxa,deposit,1.65000000,521.4,15Tn7GDGDU56g3MgAkDFQCK3ku87PFgoMX,
2026-09-09,970048,a91c0be41a77e27cb788c2e3d524785b0350fc8d29892fac809f815d0c523572,neoxa,deposit,1.00000000,316.0,bc1qutf9vvwvx7f5dcg3qa9nec767ammrhx2c8e6hj,
2026-09-09,970048,3f49de32fdc30f1d9f2c08622058d8f1c68b63b7951f869632c12d1ce22b065c,neoxa,withdrawal,5.65707746,1787.64,bc1q6vnc9r6vnal78srpxdp8mn6tllwwjmtlaf2kfh,
2026-09-09,970049,9a75cf7940df94a7ae3562f5028eac2d52bee42826fb6d362efb26a6a9789163,neoxa,withdrawal,0.57134396,180.54,bc1qh6hvgrq89t6f7f7xt8pc8sjrx59zs8ffypqpgd,
2026-09-09,970049,f88cdb0d998a737788293d2e3758b20eff80c1d8bf959cd09d469c220d861a0b,neoxa,withdrawal,23.50665509,7428.1,1EZch6k7RHq77WdK2C46foEpT1tNu9nsE,
2026-09-09,970049,f88cdb0d998a737788293d2e3758b20eff80c1d8bf959cd09d469c220d861a0b,neoxa,withdrawal,0.51000000,161.16,bc1qh6hvgrq89t6f7f7xt8pc8sjrx59zs8ffypqpgd,
2026-09-09,970051,f20d640bcbc658c38802fc2336086d823836715898bd27cf122bedfe86e7d575,neoxa,deposit,0.63645335,201.12,1CJXnepyMLfv3ZpMbXfXRovMzaPyauUPUe,
2026-09-09,970051,f20d640bcbc658c38802fc2336086d823836715898bd27cf122bedfe86e7d575,neoxa,deposit,0.32325065,102.15,1CJXnepyMLfv3ZpMbXfXRovMzaPyauUPUe,
2026-09-09,970051,f20d640bcbc658c38802fc2336086d823836715898bd27cf122bedfe86e7d575,neoxa,deposit,0.29961955,94.68,1CJXnepyMLfv3ZpMbXfXRovMzaPyauUPUe,
2026-09-09,970051,f20d640bcbc658c38802fc2336086d823836715898bd27cf122bedfe86e7d575,neoxa,deposit,0.55867551,176.54,1CJXnepyMLfv3ZpMbXfXRovMzaPyauUPUe,
2026-09-09,970051,e6c6bc80636d083aa8d1a9ae72b3a0395a7455cb886dfafe1bf5af7d5ec85398,neoxa,deposit,0.40853808,129.1,1A7DUALFSRUwciqwR8uigXjDt2xK71XLqi,
2026-09-09,970051,481dd30239a737cfa641b896fe2bb7d734ceba8f5d617148442628f5f04b70a7,neoxa,deposit,0.54110450,170.99,bc1qlrmjpgg0e5jrhmzyjmtgc6dfpdr66sps8vjl2q,
2026-09-09,970051,481dd30239a737cfa641b896fe2bb7d734ceba8f5d617148442628f5f04b70a7,neoxa,deposit,0.36516557,115.39,bc1qlrmjpgg0e5jrhmzyjmtgc6dfpdr66sps8vjl2q,
2026-09-09,970051,481dd30239a737cfa641b896fe2bb7d734ceba8f5d617148442628f5f04b70a7,neoxa,deposit,0.29508904,93.25,bc1qlrmjpgg0e5jrhmzyjmtgc6dfpdr66sps8vjl2q,
2026-09-09,970051,481dd30239a737cfa641b896fe2bb7d734ceba8f5d617148442628f5f04b70a7,neoxa,deposit,0.25532393,80.68,bc1qlrmjpgg0e5jrhmzyjmtgc6dfpdr66sps8vjl2q,
2026-09-09,970051,481dd30239a737cfa641b896fe2bb7d734ceba8f5d617148442628f5f04b70a7,neoxa,deposit,0.35262982,111.43,bc1qlrmjpgg0e5jrhmzyjmtgc6dfpdr66sps8vjl2q,
2026-09-09,970051,9b9e5d99aaf39e8755ede4be8514f5de281470183b17a37c12d788f9326ac8c8,neoxa,deposit,0.27797232,87.84,1GtXJnytxKcL1rfJWxJmjQJcm95oWd88As,
2026-09-09,970051,9b9e5d99aaf39e8755ede4be8514f5de281470183b17a37c12d788f9326ac8c8,neoxa,deposit,0.29009868,91.67,1GtXJnytxKcL1rfJWxJmjQJcm95oWd88As,
2026-09-09,970052,9d5939e7238aed987c5335a10fdbfb0787cfba4a8b034887a05bfb5172234a5a,neoxa,deposit,4.88230000,1542.81,1EncKs9FWy8i6DPo5nPopnD3H9eqho43fU,
2026-09-09,970052,56fdd5a8e0cfd7d08faae7ef03f05e4a9dcf117410db86499c0de57dd695dac2,neoxa,deposit,0.29294420,92.57,bc1qlrmjpgg0e5jrhmzyjmtgc6dfpdr66sps8vjl2q,
2026-09-09,970052,56fdd5a8e0cfd7d08faae7ef03f05e4a9dcf117410db86499c0de57dd695dac2,neoxa,deposit,0.30976283,97.89,bc1qlrmjpgg0e5jrhmzyjmtgc6dfpdr66sps8vjl2q,
2026-09-09,970052,97620f1d1b1d805c1f41e7e05fbb69e06705223c07edd07ebe8bec40867b4955,neoxa,deposit,6.09245762,1925.22,bc1qqme26fvym0sl2568g3wn8dytt280jyhs7ln7m3,
2026-09-09,970053,2b4e6f2d514ac1d4b5d6e492d171f1e2ca82a35c0d1bdb32bf414a96ff6e3072,neoxa,deposit,6.19670000,1958.16,1By8prQMbUciuccQuRFBsyeqFUmbudM1Cd,
2026-09-09,970054,d084ac022fb935769f7b7ec6ebf6ce27a5c778a459a5e2f86042974f0fd10e13,neoxa,withdrawal,2.68074552,847.12,bc1qla0gy96vcgl8e259w2z49rx6cryzg5ku9x9cxhxqp3yuhn4cmhfswsyy36,
2026-09-09,970054,d084ac022fb935769f7b7ec6ebf6ce27a5c778a459a5e2f86042974f0fd10e13,neoxa,withdrawal,0.70208510,221.86,13Kmbfu8eimT3t9C8tjtoiSGyGJW9JqLwo,
2026-09-09,970054,26999ce6aeb990e69a9dd6ee2845c6afa626fb735cb7c2ed93cc7529fa434f3f,neoxa,withdrawal,0.84008359,265.47,bc1q83gxqncvq6hdr2sg54cj7s2ck6zahx33p5f40f,
2026-09-09,970054,f5dcfebfaa837a682147e03060e13a78ade576bbd1d044a564517deaee9b332c,neoxa,deposit,2.77200000,875.95,1Ane6yoAq6NbaAbAkNQ5Xo7MjZYno3qZ5f,
2026-09-09,970054,976a5d610ffe874586243da007108b69fb50e3ab0e59df953e710f960816b053,neoxa,withdrawal,0.50000000,158.0,bc1qla0gy96vcgl8e259w2z49rx6cryzg5ku9x9cxhxqp3yuhn4cmhfswsyy36,
2026-09-09,970056,33e872c3bdf95cb552ba66b34316249f4043b8b97dcfa924ecc2e94c48c54c68,neoxa,deposit,1.26800000,400.69,1MLY58eXpC8LCCcfRPyYfq47gzYPGNmJ5e,
2026-09-09,970057,ece6df3a6cd32c75d4aa15a43f7c53fd0de071fdc8d209bbb618ad7cadf5d615,neoxa,withdrawal,7.52499828,2377.9,bc1qcz0qkav9vlkcu4tqrf63ejzj2duy5wnynym0re,
2026-09-09,970057,ece6df3a6cd32c75d4aa15a43f7c53fd0de071fdc8d209bbb618ad7cadf5d615,neoxa,withdrawal,2.37124968,749.31,1Cs6wSYVzKiFzuAgSaog8dyk5Xvg1JBEnu,
2026-09-09,970058,6304def6a6677ea0c2d5c7cdd2f2faf33505f7b691d6b5b5e6d64965f15685db,neoxa,deposit,3.99620000,1262.8,1EncKs9FWy8i6DPo5nPopnD3H9eqho43fU,
2026-09-09,970218,3249248b3aa6a5bf4cd222ab757a43d859f0b5ebd0a6b2cdd1ff1d9d7af18e7a,neoxa,deposit,0.50000000,150.25,bc1qwzp6rn4pvz64ulf5whzseypta8c40qp98532zx,
2026-09-09,970219,534b9930be104b796056db1a8aced91c6e51c2ae90cfe8bb50df4477a06792cf,neoxa,withdrawal,54.45207675,16362.85,1FwS37T1J9tviHdXTh3frgFTKeNcXDNCp9,
2026-09-09,970219,534b9930be104b796056db1a8aced91c6e51c2ae90cfe8bb50df4477a06792cf,neoxa,withdrawal,1.20000000,360.6,1EY2A3NRua5bmCx7aXfupjtJ1kw7q2AQgM,
2026-09-09,970219,6c9860f4ad479659c6224677309b1ec90b846dee54d4546fd3af1ba609b96c3c,neoxa,withdrawal,0.74351482,223.43,1JrdNPwrGJT9SJwKWVSGMuwwwWN37tumYy,
2026-09-09,970219,6c9860f4ad479659c6224677309b1ec90b846dee54d4546fd3af1ba609b96c3c,neoxa,withdrawal,5.28800721,1589.05,1HytNnmWCHd1nUt51JddwHxj92ze5ob6uS,
2026-09-09,970219,8a53941143607e90b747f137a766bc4fdc0bb3b8390931285fb7fbe22cb52592,neoxa,withdrawal,1.00000000,300.5,1EQUGbKXBd2Wkw2aS44G1hpnkhr2VinfUi,
2026-09-09,970219,fc884f3f7de8bf5050b29cb23d692f618e3e27c5d6dc5dbc4fa34eb06c9f646f,neoxa,deposit,0.37624962,113.06,1NPQbc2dreFnrAWrQytUjLVUcqeD3LvBDd,
2026-09-09,970219,fc884f3f7de8bf5050b29cb23d692f618e3e27c5d6dc5dbc4fa34eb06c9f646f,neoxa,deposit,0.34264700,102.97,1NPQbc2dreFnrAWrQytUjLVUcqeD3LvBDd,
2026-09-09,970221,e8ad1642ed0b6841264dfe06a81426b24f51a15ebe7290dcc7ca736f3fdde82a,neoxa,withdrawal,19.90045932,5980.09,bc1qq0a9lx6mvkkqs7r95lwsuq7v2td0sw8jmqzvxj,
2026-09-09,970221,e8ad1642ed0b6841264dfe06a81426b24f51a15ebe7290dcc7ca736f3fdde82a,neoxa,withdrawal,61.32394065,18427.84,18gkwn19R6LqSeRwa3KwG7bq8PoKfvVCYY,
2026-09-09,970222,e37b0791c414654de56eec16dda773a5371942f7b49b3891e4242e3556bc570a,neoxa,deposit,9.99999618,3005.0,19cyZnEjdL85TMf9hieBRbDykR3GqzNUfG,
2026-09-09,970225,9a5d27c199246113f84be493eac5b89bae9901b8d6fbbb18a97b32d8df1a6207,neoxa,withdrawal,4.21277697,1265.94,1MCrUPgu2RuUspNuHzAie4rNdb9pH9m7GY,
2026-09-09,970225,9a5d27c199246113f84be493eac5b89bae9901b8d6fbbb18a97b32d8df1a6207,neoxa,withdrawal,2.91965607,877.36,bc1qvmmux9rhvpd8r8eklsvvnhcgyst02l5jl8uvku,
2026-09-09,970225,c503373552fbd76bf8d52445f1666155474a61fbd5fd9912c8e5d3cceac766a4,neoxa,withdrawal,1.14860744,345.16,1AsEqZhome522t9eoPAzAzEFKah5duRAoz,
2026-09-09,970226,0485866393af445ed590615b411e85574fc5c74814216d4135d689c1c779f0f0,neoxa,withdrawal,0.82509304,247.94,bc1qels66hms3phqpul5v2d90lk8g075mwam4a35d5,
2026-09-09,970226,0485866393af445ed590615b411e85574fc5c74814216d4135d689c1c779f0f0,neoxa,withdrawal,0.73398748,220.56,1xE35C224L1bJkYsTvthdnhho36UNmC72,
2026-09-09,970230,629a505124e572a25bceaa0ab5a44316c140f7b3c0d740cf190fef63cffc97e1,neoxa,withdrawal,0.56374933,169.41,12YH3LY7wm9pRpWfD9MQKNszFag7qDGFWY,
2026-09-09,970230,629a505124e572a25bceaa0ab5a44316c140f7b3c0d740cf190fef63cffc97e1,neoxa,withdrawal,3.93779694,1183.31,bc1qh2nhd0mwh8g2mpfxdf0hqx6ax79r305lrmes3x,
2026-09-09,970232,37247f04875be5f6b4907caac05ded66df7ec8a7813e143b1b777daaacd68329,neoxa,withdrawal,8.13351096,2444.12,bc1qupch35ep37tz6ctq9kr0g2zk4wzhfuh56lfa82,
2026-09-09,970232,bfae06fd2078fe8201acbc40fa6e25211ae0fd1e03ac755b634f8a93191fa75a,neoxa,withdrawal,0.80490000,241.87,15jVzLrL5Y8NLQLF2psy1yqtr4XbkdByGP,
2026-09-09,970234,49abb54362a652b21b6297cf1a675f84be89aaaab824bc1e50f0cd888a6d653e,neoxa,deposit,0.25091067,75.4,18r4JkNSqYt44J2nvd8MfX3W5MmgrGFwcd,
2026-09-09,970235,77758a8b3a34d6674fafc85ee544be819923e920c936bb9f92eae13320afb169,neoxa,withdrawal,94.99601680,28546.3,bc1qmjhdaguah4kykqzc6xeugxl43gc4h8mz2yez90,
2026-09-09,970235,77758a8b3a34d6674fafc85ee544be819923e920c936bb9f92eae13320afb169,neoxa,withdrawal,13.42248525,4033.46,1FqBZCkbN4P8c74fkSMq8Q6CSdzLCbQdPf,
2026-09-09,970235,f2112954a344254486880238bfe27164525adfaa58cc4a11542af0629b2943d7,neoxa,withdrawal,1.03823998,311.99,bc1qw89t6hlvm4lx6q4350vzk4v8tmn3rhakm6gjuz,
2026-09-09,970237,69b1bb181c75b7620d37941c4888008db7e07276ca1247f25a985988a13e8577,neoxa,deposit,5.50810000,1655.18,15LZhBbdixeBuzEoJT4hbfcWNLz17MJyVT,
2026-09-09,970237,9867bd9f738498a653a5bd86d3795559ee34fb2fe7f55ee5b52e35decab290a7,neoxa,deposit,6.80070000,2043.61,1TmVRZ9kFV5jZFHdYaXP31nrEi4HdMYB6,
2026-09-09,970238,9842daa67d7e74bde304d47691c8ff422a5050f97a3a4d1ecaa20dce76c1a040,neoxa,deposit,10.00006026,3005.02,18ihkxbqfgSuLs27e9Z2AAJkf2RtcvfUuE,
2026-09-09,970238,7bf301f392f64e489a52b5d03c607586121a7a0799b3b0b9c7ec54dcb7cd3325,neoxa,withdrawal,2.42896491,729.9,1G3nCJAQG9NpSw65Lco1M5ZnFrNyuYwkkz,
2026-09-09,970238,7bf301f392f64e489a52b5d03c607586121a7a0799b3b0b9c7ec54dcb7cd3325,neoxa,withdrawal,3.10990000,934.52,bc1qn6zukp8c2uqjzum5al0v7e5det65ghxvmat0k3,
2026-09-09,970240,944c3dedc7bec8f9e6f77a36b89b1931bb90a996bf834ae4135d14af91039ca9,neoxa,withdrawal,3.99990000,1201.97,bc1qatuu3ugr2g2fxnz66l62qqlq8q7tj8fkmhkufm,
2026-09-09,970240,944c3dedc7bec8f9e6f77a36b89b1931bb90a996bf834ae4135d14af91039ca9,neoxa,withdrawal,2.88393025,866.62,18qT9rW68akA5Zrmbu4BaJCg8ejwfLZxfB,
2026-09-09,970242,860f8343bb0363dd6e9a51eab440ea48c78d121af5edd2f6f43c37e297fae160,neoxa,withdrawal,0.25664635,77.12,bc1qu6gls4yay60n8jc8lkszlpekzaym0llsd0sk8z,
2026-09-09,970244,3901e9b820261bae94f4d8588b6c2066e324c49f6f2e198f4ac95a8043569124,neoxa,deposit,0.28944413,86.98,1HHPd3vVsF3XTELmVJZ6ebXyp2S14zX1yV,
2026-09-09,970244,3901e9b820261bae94f4d8588b6c2066e324c49f6f2e198f4ac95a8043569124,neoxa,deposit,0.36262504,108.97,1HHPd3vVsF3XTELmVJZ6ebXyp2S14zX1yV,
2026-09-09,970244,3901e9b820261bae94f4d8588b6c2066e324c49f6f2e198f4ac95a8043569124,neoxa,deposit,0.33455336,100.53,1HHPd3vVsF3XTELmVJZ6ebXyp2S14zX1yV,
2026-09-09,970246,0a2f1411f4b4f07e01367a5e6f87fe1ef683f028227325caa0498c47b3d3c49e,neoxa,withdrawal,4.83523178,1452.99,bc1q2p5zcgfaclaawnltwd3tyx2gurvqn49fqxemtu,
2026-09-09,970248,2246d6769ee69711007b2501941a1074f8797fb73bbd052311f75d270554d8f2,neoxa,withdrawal,1.02591695,308.29,bc1q02je4mylg8nwawtzdycu7w60ew5zh5nc4ulwnn,
2026-09-09,970248,b29656c6fb7a1f1e66c0642c8fd743ffdee54ff2f73f9654970935355776970f,neoxa,deposit,2.46670610,741.25,bc1qgawkgu78hc90yprath7t84lmrr8zdsn2smr0vy,
2026-09-09,970250,c701ef7de4d6b01e0d56d4512daa266b3c84727e676153b4bc70848e3a1a38a9,neoxa,withdrawal,156.41030072,47001.3,132qgf8YDxZoDSDRrmXvDQFkPdEMxptNVc,
2026-09-09,970250,c701ef7de4d6b01e0d56d4512daa266b3c84727e676153b4bc70848e3a1a38a9,neoxa,withdrawal,18.00784952,5411.36,bc1q98uy4h7t68nt79q8r2usgcld3g062s6h4zhchh,
2026-09-09,970250,f297cd6d88b53d5ba69f41d3a710d1adbdd90f612c8a24a824fe394d8df84d61,neoxa,withdrawal,2.43413957,731.46,14phYriMbfswAvXWcQdEovpzpv8V5CoU1W,
2026-09-09,970250,f297cd6d88b53d5ba69f41d3a710d1adbdd90f612c8a24a824fe394d8df84d61,neoxa,withdrawal,2.30619892,693.01,bc1qdmqyhp0q7gqc3ah8nupqjf2t53dclvvevgs7ru,
2026-09-09,970251,8601883ca89ef754254b47bd79f216ac60e711f018a4a1706e1850ec7607dbcb,neoxa,withdrawal,0.87897490,264.13,1HzMUJLG1GatE6GfaE1mPcAfxganUi7XPJ,
2026-09-09,970251,491a2b2f6b493622bea9fa60630828f90499e46d23eca1ee675e9cd886e38221,neoxa,withdrawal,1.20000000,360.6,18gPGWiXKWc6cXmQKhZR8buPiHrWs5G83J,
2026-09-09,970251,e2d01fca85d1743502b9a2bb28daee5cc24c697855e55d1cedbfb487fc852ae9,neoxa,deposit,2.42162493,727.7,bc1qt7yxh22d4uwhm9eyvzrptly40538ke823q9clw,
2026-09-09,970252,b607c071c5594362662fe34557dc07ac7380570d0545981eb190bdc85039acff,neoxa,deposit,0.28762210,86.43,19M6CBjXLCQSMSziDuPZTAdkEHvfWkAByi,
2026-09-09,970252,b607c071c5594362662fe34557dc07ac7380570d0545981eb190bdc85039acff,neoxa,deposit,0.36130689,108.57,19M6CBjXLCQSMSziDuPZTAdkEHvfWkAByi,
2026-09-09,970252,b607c071c5594362662fe34557dc07ac7380570d0545981eb190bdc85039acff,neoxa,deposit,0.33234501,99.87,19M6CBjXLCQSMSziDuPZTAdkEHvfWkAByi,
2026-09-09,970254,81bd979d30076cb574d9dbdc54d3c3012eb100dfa0587d3e50aca30ced46882f,neoxa,withdrawal,2.49382381,749.39,1BHJY14c8wQACYxeS8iX7YeqVmYm2oQHn3,
2026-09-09,970254,81bd979d30076cb574d9dbdc54d3c3012eb100dfa0587d3e50aca30ced46882f,neoxa,withdrawal,11.11655551,3340.52,bc1qke9q36vy423vepzejl9eqq80n5psmf29s7wqvn,
2026-09-09,970254,5c835285b2a0cacac447cbb5a59ba4785e69af497a20c68531cbe67cb944677e,neoxa,deposit,4.74850466,1426.93,bc1qqme26fvym0sl2568g3wn8dytt280jyhs7ln7m3,
2026-09-09,970255,fc0bb57ef395354f0d963d56f393f0395a21c6146a43358171d7cef6520922a4,neoxa,deposit,3.10123508,931.92,bc1qxysswlx0kgqttruulyv6ja6sypcr7ew0gny6ff,
2026-09-09,970256,8756707f126bd8385b0c611fefeda66a5ef3d535c2ab887d1421c5ceee7e4631,neoxa,withdrawal,1.33223781,400.34,1KZTLrCFFt7gwoBBQ1iSjcBuS2dJqMaSsD,
2026-09-09,970256,8756707f126bd8385b0c611fefeda66a5ef3d535c2ab887d1421c5ceee7e4631,neoxa,withdrawal,4.10694461,1234.14,bc1ql3nf87tezj05zlch5e2vdn6t6r5cxtffprku70,
2026-09-09,970256,f6936916c275e32dbf23b15bd9c02814f6a41c58fc052e0de2e8449726136858,neoxa,withdrawal,1.19212215,358.23,bc1qsdx790sp9pgja38psfvpvm2v5y9jvx4x0wnwkl,
2026-09-09,970260,bd833e1a6d58dcaefeca61072c5460a2efdace8675405f8b9475d3a7af373db9,neoxa,deposit,1.10040000,330.67,14VZy93pp3cS7qVazqdbRQMvejqd2dAjne,
2026-09-09,970263,367dd51b6d9d15106ba38bb8d6ca14f6fa6c6585b1c3144792c33e31f4d729a6,neoxa,withdrawal,4.00000000,1202.0,bc1qwzpgteyv4pfj592htelke3mcn53sq37tcuvrcn,
2026-09-09,970263,bac95c2e96e3c857ec746589e4db56e10e78c4b68765772fb6a5f23bcace0b40,neoxa,withdrawal,0.68463333,205.73,bc1qzqe4qlm20447l29zy22sz9ah3ynmvkrammq6zf,
2026-09-09,970264,2c168f6d33d88b3b9fd47aa4e5bad4d0e3982beee546bcd16667de6dcd6c39ad,neoxa,withdrawal,1.00090000,300.77,bc1qrzdu9t6upffuwfpwez0dm8g2lqpxaelfpv9mr9,
2026-09-09,970265,4d9feffe64ace92e6ce4b6f1b85352fe18757c83bea644d651f226abeb9084ad,neoxa,withdrawal,2.19390000,659.27,bc1qf4prcgaw659r0c3alcas0mx5ue6ll9wpxheks5,
2026-09-09,970270,0802aadf0c02c54831f355f0697bc696009f5b94d6111254559ff86ac0a22a93,neoxa,withdrawal,16.74360466,5031.45,bc1qlgsyqvn0h4v9m9sessjm49je9qj4mm3jg2uy0q,
2026-09-09,970270,0802aadf0c02c54831f355f0697bc696009f5b94d6111254559ff86ac0a22a93,neoxa,withdrawal,51.35238561,15431.39,19R2kxdVh2vZRnVn5rCe1XNupDJPxAcbKt,
2026-09-09,970271,f096b73d885ed2073e492f0ed9cb6dafe6fbf5b528756426961a960e0e7570bc,neoxa,deposit,4.16405316,1251.3,bc1q7xuauwchyrr52q4j5wdun3p97kpnmtn9uj6f8x,
2026-09-09,970275,65f07b844dede0f17828b63b534a0b9143b2f176f75d79deb518d961616c618a,neoxa,withdrawal,31.81041914,9559.03,bc1qvcv5n50mfxar49e665eeqwx82qas2edmk08xlc,
2026-09-09,970275,640a302db7685242938eab28105f5e7228d88baaf19a039f79f4859ca762d6f7,neoxa,deposit,2.05640000,617.95,bc1qkac3d7ny9uqqqyqmwpewwjzymwcaev86ngmhll,
2026-09-09,970275,364cbb688072cf8041272e3c53c9f931cf61eb6491556fd9a4b8833df86e9736,neoxa,withdrawal,3.00000000,901.5,bc1q09f5pjcgldtup0kmfv5u6cms52wpx4lauaz7dr,
2026-09-09,970276,c29c5d538bf92e86d7e1973b1cd6e8435ac7b4d5b98710efb05133daf794aeff,neoxa,withdrawal,16.20738393,4870.32,bc1qd2n7rxscdt6n8nh3qz00sw0yg2m9nur2tqfltu,
2026-09-09,970276,5a1c7edc72eb3c2fc722803015047a7bfd86a91aa61c294321f0e33a9d1da13c,neoxa,deposit,2.49761928,750.53,bc1qqme26fvym0sl2568g3wn8dytt280jyhs7ln7m3,
2026-09-09,970277,4a251790141ad25ba2bceafbf87d2fa9f8fd6f93a2fef28f8113f723cb207a58,neoxa,withdrawal,14.23227479,3643.46,bc1qx8ee069ad9l6nzy3y655lnm9vd8qzv782sp3dd,
2026-09-09,970277,21df492e67630db0dd86ceb10ec7e0ea015808605f53ede960cec3b37eaa401d,neoxa,deposit,2.50000000,640.0,bc1qtvu3lc54k8u0analey3dymnq4579m42h7mvzmh,
2026-09-09,970277,c495eb014a0e3c4c26d3f33f34fe0b2db6710e859e84da97edb79cf4732aad2c,neoxa,withdrawal,0.67163381,171.94,1K7P456RP97kmoZBLZnkDqdxrSk3wHCKFi,
2026-09-09,970277,c495eb014a0e3c4c26d3f33f34fe0b2db6710e859e84da97edb79cf4732aad2c,neoxa,withdrawal,3.79353556,971.15,1BmttGVAqQ9ei55rkxfwZW1bBLbFbZ65nh,
2026-09-09,970277,e2c96ed7c3b28ae490fa714cbad6386d7f522645ccc1cf011010df5b398bd895,neoxa,deposit,2.65450000,679.55,1GLgaT9wL1QVz3iZWcj4XEBTPsvotffqUA,
2026-09-09,970277,0b831844bd5cc5bc657433a823a5a8c7058b02da96d5ef9154585a584ed2fc19,neoxa,deposit,12.29660000,3147.93,bc1q8k2j4zr79asrfcw5zace3gajza33rmv5rv67w2,
2026-09-09,970278,2c5b33820c89c31e92e4efcecf608dcbcf74aadd6c0119afbbf9217b358b977e,neoxa,withdrawal,1.09036075,279.13,bc1qkaq6lex4s23m6tjyrupga5666akjdgxz56tlm5,
2026-09-09,970278,650aabd86c685c217f160039624a729f2eeb4d0c9199d81c4120416576264877,neoxa,deposit,2.15440000,551.53,14dDBf8baZJkb3SfqTQQtQLzGGNSnE2shi,
2026-09-09,970278,650aabd86c685c217f160039624a729f2eeb4d0c9199d81c4120416576264877,neoxa,deposit,0.85720001,219.44,14dDBf8baZJkb3SfqTQQtQLzGGNSnE2shi,
2026-09-09,970278,3e0430103d9c1d99b6ef3cbb038783e1af32c1b96069ee3e0963bf8ff84c3549,neoxa,deposit,1.78710000,457.5,bc1q8k2j4zr79asrfcw5zace3gajza33rmv5rv67w2,
2026-09-09,970278,29ea6c098949bbf92b7fbc80a2e6705999070c86c7b24d6e55c36d5a721d606d,neoxa,deposit,1.72750000,442.24,bc1q8k2j4zr79asrfcw5zace3gajza33rmv5rv67w2,
2026-09-09,970278,229104a8721e4fa81f3286b2ae38004e1c20166d1bff2c2ee7b9e30128a6a8a2,neoxa,deposit,5.19320000,1329.46,bc1q8k2j4zr79asrfcw5zace3gajza33rmv5rv67w2,
2026-09-09,970280,f7b9a4827a24a9eef5b556397e3d80fde75fc54f677a1acc7e0ea3921dad07b6,neoxa,withdrawal,3.99990000,1023.97,bc1qpanjfx8e48lh4jdhr6gelcra5em3fq5jhq6f06,
2026-09-09,970280,f7b9a4827a24a9eef5b556397e3d80fde75fc54f677a1acc7e0ea3921dad07b6,neoxa,withdrawal,1.81680143,465.1,1LBpSrYpJwNzWWvkt7UJqjuF4TkSHvPWdT,
2026-09-09,970280,205b85384a0fea663fb7d851113e9eefcfb8fab56cfa8c65ec01b52aa10acf00,neoxa,deposit,11.74480000,3006.67,1FUH2VP28r4AJTXeq8xEfc6h6ofX4kLAbq,
2026-09-09,970281,d315e2d944aca021f21be0ef7fc535973fd2ec0481e29bef9eca1f119ad76138,neoxa,withdrawal,1.82109614,466.2,1QCSwa9g7RcCJoqKcvHMgy132m7LhmSTYy,
2026-09-09,970281,d315e2d944aca021f21be0ef7fc535973fd2ec0481e29bef9eca1f119ad76138,neoxa,withdrawal,1.49601929,382.98,bc1qp69whk0gy5uyk97n9mlf7fy9mnq27xgn263xrh,
2026-09-09,970282,7fd5f04047df33a507b4b6fbca1ffd6a9efb0474cbe2b0deeb2161e2ca83b02e,neoxa,withdrawal,0.43684369,111.83,bc1qz3cf00p2v8f8j2nylu2c4736gwxlgflxu9a5rf,
2026-09-09,970282,611e3a73b4c60361d5507456018512abd079ee7bb5509a61182aa42cbed87416,neoxa,withdrawal,2.00652373,513.67,bc1qe2qk247vzw59c4zu2dzjf8fhzl6glxlfeyw87x,
2026-09-09,970283,3a6c7f788497a69f3309c5d276296433c83b98ea6229a00c70aca01464940101,neoxa,deposit,0.37603235,96.26,bc1qlrmjpgg0e5jrhmzyjmtgc6dfpdr66sps8vjl2q,
2026-09-09,970283,3a6c7f788497a69f3309c5d276296433c83b98ea6229a00c70aca01464940101,neoxa,deposit,0.27236671,69.73,bc1qlrmjpgg0e5jrhmzyjmtgc6dfpdr66sps8vjl2q,
2026-09-09,970283,3a6c7f788497a69f3309c5d276296433c83b98ea6229a00c70aca01464940101,neoxa,deposit,0.44650220,114.3,bc1qlrmjpgg0e5jrhmzyjmtgc6dfpdr66sps8vjl2q,
2026-09-09,970283,3a6c7f788497a69f3309c5d276296433c83b98ea6229a00c70aca01464940101,neoxa,deposit,0.26143295,66.93,bc1qlrmjpgg0e5jrhmzyjmtgc6dfpdr66sps8vjl2q,
2026-09-09,970283,3a6c7f788497a69f3309c5d276296433c83b98ea6229a00c70aca01464940101,neoxa,deposit,0.30039076,76.9,bc1qlrmjpgg0e5jrhmzyjmtgc6dfpdr66sps8vjl2q,
2026-09-09,970283,3a6c7f788497a69f3309c5d276296433c83b98ea6229a00c70aca01464940101,neoxa,deposit,0.46386560,118.75,bc1qlrmjpgg0e5jrhmzyjmtgc6dfpdr66sps8vjl2q,
2026-09-09,970286,aa81f142ce75edbb3ecd9bcf054bf4b1d4ca4062b9989ddb306ef16518da38d8,neoxa,withdrawal,16.31727524,4177.22,bc1qaq3s9pxvphx7np0xll0672rzg9qvwsspf0dxqc,
2026-09-09,970286,e08b9831428796e8c182a32a3f14487cc67e9b7c40845b76253e4d1de92e691e,neoxa,withdrawal,0.89074065,228.03,1467JL1cN6eJ3Tb3Hg8M4SYcKTuCz4A8Do,
2026-09-09,970287,3af9a6b6e2f9289d4301d07d774c0cef300b43453180233e5e22e79ad4fae1ff,neoxa,deposit,0.66101689,169.22,bc1qwlfl99rh8hdletl9720dahx9pwyqfl37ety7p2,
2026-09-09,970291,09cd085c4ef82c38ad766ede1c0a46911a1bd7d4870b18eb3b99017fe59aad61,neoxa,withdrawal,1.24325260,318.27,bc1q2zduakp3fagfvazj9culgpte0eze4q4zrmvn7p,
2026-09-09,970291,4dda77e7fe303717ceff8668c8c214125b188e15e4b5f051161d959a22b43185,neoxa,withdrawal,1.00000000,256.0,bc1qa3s434n36ech8fpl46q0n966esqwwgu5ur2qtm,
2026-09-09,970291,e2981115b17866f1b15319159a12e9174c88c5a0eb108fff2653dfce7fcd37a1,neoxa,deposit,0.55822099,142.9,1CdFCxJe57JzSTQWAzkkw66TtTuyBpK1ki,
2026-09-09,970291,e2981115b17866f1b15319159a12e9174c88c5a0eb108fff2653dfce7fcd37a1,neoxa,deposit,0.39725335,101.7,1CdFCxJe57JzSTQWAzkkw66TtTuyBpK1ki,
2026-09-09,970291,e2981115b17866f1b15319159a12e9174c88c5a0eb108fff2653dfce7fcd37a1,neoxa,deposit,0.34316740,87.85,1CdFCxJe57JzSTQWAzkkw66TtTuyBpK1ki,
2026-09-09,970291,e2981115b17866f1b15319159a12e9174c88c5a0eb108fff2653dfce7fcd37a1,neoxa,deposit,0.66519015,170.29,1CdFCxJe57JzSTQWAzkkw66TtTuyBpK1ki,
2026-09-09,970291,e2981115b17866f1b15319159a12e9174c88c5a0eb108fff2653dfce7fcd37a1,neoxa,deposit,0.38978624,99.79,1CdFCxJe57JzSTQWAzkkw66TtTuyBpK1ki,
2026-09-09,970291,e2981115b17866f1b15319159a12e9174c88c5a0eb108fff2653dfce7fcd37a1,neoxa,deposit,0.44249436,113.28,1CdFCxJe57JzSTQWAzkkw66TtTuyBpK1ki,
2026-09-09,970291,e2981115b17866f1b15319159a12e9174c88c5a0eb108fff2653dfce7fcd37a1,neoxa,deposit,0.68448653,175.23,1CdFCxJe57JzSTQWAzkkw66TtTuyBpK1ki,
2026-09-09,970291,e2981115b17866f1b15319159a12e9174c88c5a0eb108fff2653dfce7fcd37a1,neoxa,deposit,0.25453306,65.16,1CdFCxJe57JzSTQWAzkkw66TtTuyBpK1ki,
2026-09-09,970295,3da758c2b4f2395dc4d5ef12c3afe7671c98642ec6029c0a8630b9ec8b8b99dd,neoxa,withdrawal,3.32833646,852.05,bc1qk44hgjnzrhqm66fpc2909cxwg4awm3gvdvps38,
2026-09-09,970295,00096d3e8747c53e2af6f3bc95b83d26ac96cda1618372772c98a378424186ba,neoxa,deposit,2.49999682,640.0,bc1q9huf4eq0rcr59anue8qn8glggrgeuhy8q480s4,
2026-09-09,970296,165379e5590c436f14a21e670012838b263a711394f091445ae1a86afd285189,neoxa,withdrawal,24.54907028,6284.56,bc1qa3s434n36ech8fpl46q0n966esqwwgu5ur2qtm,
2026-09-09,970296,ad0766479f2c9db97fc8beb3d64daa77c854cd6f3a8081fb4cab780333d3c987,neoxa,withdrawal,0.99990000,255.97,bc1qnezn8v7vwzx9zz38fdx42ql3gemnqqlqjc5x39,
2026-09-09,970297,2180b4eca39ee71f2100e3ead8220a2f0cbf421db13b49c37d3c4375289e9f9d,neoxa,withdrawal,4.96582150,1271.25,bc1qa3s434n36ech8fpl46q0n966esqwwgu5ur2qtm,
2026-09-09,970297,aba7569815b697f02d545abaa65a9f7176a91f253a3fc211ffbd5aa267cf0c57,neoxa,withdrawal,8.66436258,2218.08,bc1q96gwk7ewn87zw6rk0gde8lruxut79ytlnxjuz4,
2026-09-09,970297,fa41cb7a2c675184d4706e6e418ec83a1de80e1834f2570ef25352b55bc14da3,neoxa,withdrawal,1.75246352,448.63,bc1qylmyynk3pta4ptg23666za2yaf9dehr4ftddhj,
2026-09-09,970297,4a2e6e2fd8b5a53fa8fd8d29b2c4e3b01b1e3882c365ac1c6512ae77877267ae,neoxa,withdrawal,7.50260024,1920.67,bc1qucllskch7wa02a53xcmul9mzynprazjh5t22lmyftku062n72mxqlnz2wp,
2026-09-09,970298,5d48e73d23f029b68203f9ec228c01a09585495423cefa89915eb52e122f4bd4,neoxa,withdrawal,14.49426503,3710.53,bc1q9ngl8keuzqfkhrs5lfpfvv2ptdq39ftl8x5w0h,
2026-09-09,970298,daea6bc68cb8038c906b830002b9e92d17d0516f2ad8f1cd3095a588edee5cad,neoxa,withdrawal,4.82768107,1235.89,bc1qqd52dvrpnpth77ye5d3k7aa5y6rulqv7sdmy7j,
2026-09-09,970298,c0836f32b7a886162bf05b3da7a17ac87fece58b95e33de18485d81490f0a3d4,neoxa,deposit,2.08820000,534.58,bc1q8k2j4zr79asrfcw5zace3gajza33rmv5rv67w2,
2026-09-09,970298,5db333a57b1834381261753faba14351e9dcfb52f14e7d429edbbca2cf072657,neoxa,deposit,2.24160000,573.85,bc1q8k2j4zr79asrfcw5zace3gajza33rmv5rv67w2,
2026-09-09,970298,f445a55440e6be05519542984614c79affd2d43cf26f08db062723aa291811a0,neoxa,deposit,1.87040000,478.82,1PiUamTkUTAjC3ecp47bxkiNfe7cc57FvD,
2026-09-09,970298,50516948d44b75551346ab20f714f94a5fb411009b53791f3aba67f1ade648ee,neoxa,deposit,0.62620000,160.31,bc1q8k2j4zr79asrfcw5zace3gajza33rmv5rv67w2,
2026-09-09,970302,dc2ad2928fcabd0d30309bbb29e271bcd3d66a99eed55400a17c86e3182c8415,neoxa,deposit,1.94730000,498.51,1Bep4yG8vUxXTAWa4LS4okwCvwnUgrWDeR,
2026-09-09,970303,26febd23614ebac8855bc136df29668b832537b0878392c101f226d5f102982e,neoxa,withdrawal,4.64488442,1189.09,181DDsf4WS8KKCXcyPMk9jrKee1EMKom5Z,
2026-09-09,970303,26febd23614ebac8855bc136df29668b832537b0878392c101f226d5f102982e,neoxa,withdrawal,3.19990000,819.17,bc1q3k0peutxct62x63annwce659slyf04kkg4f09s,
2026-09-09,970305,3e9e9d06d584d44470a1b51669e56f76462f5834ceb61d207fca22a8d9123dcc,neoxa,withdrawal,0.62966034,161.19,bc1qv6ma5zm80padj878hfmnvrxca7spslhnysmqsv,
2026-09-09,970305,919db811392137913d61a273ada4cff5890340764ef99b7ce92327ee9ec78104,neoxa,withdrawal,3.53816444,905.77,bc1qzscdphduvqxushdn56g77s5egku0wqglgt3fey,
2026-09-09,970305,919db811392137913d61a273ada4cff5890340764ef99b7ce92327ee9ec78104,neoxa,withdrawal,0.66493139,170.22,13FQrmw7QXySMD2pHisLUkLXxnhguyfXL6,
2026-09-09,970305,8452540ed2e70725c756794b92ddb297a89ff83db00a99820f8cf8a9c0cd31ee,neoxa,withdrawal,0.99990000,255.97,bc1qfccd55dmmzakfr952m6y7dzk0wrdchquqh4d8n,
2026-09-09,970306,c85a0487818f856d310ba97715b574b64b98672c2cb6ca0831dd2e94b85fa08d,neoxa,withdrawal,202.32305514,51794.7,1LiTgdEvh7tfPX5FP446PDkfckkuC8yxqa,
2026-09-09,970306,c85a0487818f856d310ba97715b574b64b98672c2cb6ca0831dd2e94b85fa08d,neoxa,withdrawal,19.28700892,4937.47,bc1q0lrn86438ngw73xfkedacxzjgsdvxspv02pn0t,
2026-09-09,970306,d9c9aaf1f551203ac9a224a1b1727b9c18e15ab8dd44c6fa1bd8bbaf30ad4fe9,neoxa,withdrawal,8.17295441,2092.28,bc1qupch35ep37tz6ctq9kr0g2zk4wzhfuh56lfa82,
2026-09-09,970306,d9c9aaf1f551203ac9a224a1b1727b9c18e15ab8dd44c6fa1bd8bbaf30ad4fe9,neoxa,withdrawal,1.92347511,492.41,1Df52jNCG15nHgo4EwtvJ8vtDY5Q7Ko7oe,
2026-09-09,970306,da885d17f18795f4262013ee7797afc986c23798f3b1b22110ff8777ac509a9a,neoxa,withdrawal,0.99990000,255.97,bc1qm7yxld8zv9sadlx052n9eedf7a8rz0wnxpqyrp,
2026-09-09,970306,6abb4c2aaec09e86abb1b40bcd8ac6b3685f1872350b220fd9f1ee9ae53ffe3d,neoxa,withdrawal,0.28880000,73.93,bc1qv8z0lfhmh3v3zzdg6csgm0wshggxs7knhudlqj,
2026-09-09,970307,2396643a8b267b82c05f67afe49b5d7607ff7ed66759ed1afd2e2259ecb9ab6a,neoxa,withdrawal,0.38180000,97.74,bc1qu6dldd7wpmn4r5ak8s86l02k7ca6uz4kg74ws2,
2026-09-09,970307,1cb9a0e974e66c137028cca9e96fe182740854d609cbb1ba489b686fed9e05cb,neoxa,withdrawal,0.40790000,104.42,bc1qcmw04zmh0ulsy4lgaka8zllfqwds2fgfdhnhyq,
2026-09-09,970308,71907b218df14242390bf68598652329d332bf0d80a5014729d6a1ca9f736ccd,neoxa,withdrawal,2.26269906,579.25,19m82siqcZkuprS7MakHFNAbM6ciG9dHis,
2026-09-09,970308,71907b218df14242390bf68598652329d332bf0d80a5014729d6a1ca9f736ccd,neoxa,withdrawal,0.82990000,212.45,15jVzLrL5Y8NLQLF2psy1yqtr4XbkdByGP,
2026-09-09,970312,c6159aea8534c4063db533ef280b5eef229a10c95b24f017c37a8fcd3ada3424,neoxa,withdrawal,1.83309458,469.27,14Q17mVeGRHfZV79mFwih3VLJVkEZB79AF,
2026-09-09,970312,c6159aea8534c4063db533ef280b5eef229a10c95b24f017c37a8fcd3ada3424,neoxa,withdrawal,1.12718108,288.56,bc1qqaj6l2gwkhjvtdszwqhalse6d6fg8uvtacwyzj,
2026-09-09,970312,28e5c85e2ad674c470471619d81b3b54df711839b190044f1714cece30654b88,neoxa,deposit,0.27934545,71.51,1PEpcofd1AZEwdkzjB5GBeJkKuynKo445,
2026-09-09,970312,28e5c85e2ad674c470471619d81b3b54df711839b190044f1714cece30654b88,neoxa,deposit,0.33801758,86.53,1PEpcofd1AZEwdkzjB5GBeJkKuynKo445,
2026-09-09,970312,28e5c85e2ad674c470471619d81b3b54df711839b190044f1714cece30654b88,neoxa,deposit,0.37256458,95.38,1PEpcofd1AZEwdkzjB5GBeJkKuynKo445,
2026-09-09,970315,5290be101f32992760f005ab9efaaa2416bc3dbd22940eec067ce8843ca0dafa,neoxa,withdrawal,0.87828348,224.84,bc1ql3s22xtz0qp3428uz47qtppymxem2p5yjw27um,
2026-09-09,970317,e27715f383ac9fd7c817369bff3c13fc510fa9479c67fa81625aded12262373c,neoxa,withdrawal,2.07827422,532.04,bc1qfm9aaeteefvhv2zr2nxhm67a6cvn09jaath2er,
2026-09-09,970317,e559f827f4203ea78edb44a11a3fe736443e20d97b100c2ea3b8daf0757511cd,neoxa,deposit,0.71431728,182.87,bc1qt5praystcdle0nq04e3h02yjszha82uzhww85x6972lcy40k4eyqz9jfaq,
2026-09-09,970317,e559f827f4203ea78edb44a11a3fe736443e20d97b100c2ea3b8daf0757511cd,neoxa,deposit,0.44917246,114.99,bc1qt5praystcdle0nq04e3h02yjszha82uzhww85x6972lcy40k4eyqz9jfaq,
2026-09-09,970317,e559f827f4203ea78edb44a11a3fe736443e20d97b100c2ea3b8daf0757511cd,neoxa,deposit,0.36445018,93.3,bc1qt5praystcdle0nq04e3h02yjszha82uzhww85x6972lcy40k4eyqz9jfaq,
2026-09-09,970320,7c4f62a794f0ca04778d0f929a2444aad5ad9e18d40b40cdd6b651574cb1a265,neoxa,withdrawal,0.99990000,255.97,bc1qfgu6mawxzm40nacw8mtt8qtz2wwxfzhjuwuhsc,
2026-09-09,970321,85faed43677c3acc1302bafd29480f91893ee8e4314ec0789bba848db82e2ae4,neoxa,withdrawal,3.98391143,1019.88,14Qnp89v7dCaVUQXTaMz8DN7nFdzUtEwAS,
2026-09-09,970321,85faed43677c3acc1302bafd29480f91893ee8e4314ec0789bba848db82e2ae4,neoxa,withdrawal,3.50000000,896.0,bc1qaxqg59p798e7ym725dfr0j454uhsq9jmlvapv6,
2026-09-09,970322,aa94ba04b78db21cfbad7bd673b93f28645b74d3158dfc44d6f3070b80d62880,neoxa,withdrawal,3.03978391,778.18,bc1qg64y4dvjlx4lnudm2f3f5njnyn2mf4x2nafymk,
2026-09-09,970323,2b06ec7fd737c4af747b02e5df50769a1de9152e749f80063d6eff11ee3c9864,neoxa,withdrawal,4.21008800,1077.78,bc1qmvmdt77uyfqn9jm0fauwsf584qemgw3nyerhnv,
2026-09-09,970324,13b9e32657c28e95b3746355076c7070e9724e4423f5cae4092f8b22ccae147c,neoxa,withdrawal,1.25548700,321.4,112vR3zuX9QdmFENXbsxiLPAqTzyf69cLH,
2026-09-09,970324,13b9e32657c28e95b3746355076c7070e9724e4423f5cae4092f8b22ccae147c,neoxa,withdrawal,1.41379330,361.93,17sSR6wExqbcpRaEDZNHYXsk1aTcEkvaUd,
2026-09-09,970324,fa4871319dbaa27fd2f93dcbee264ba0048332b5c26ec0234e8aad3e3571cbbf,neoxa,withdrawal,0.71061178,181.92,1KhgkDkr28R2ZRs7J9Pt8rjTPMLVqoPRwA,
2026-09-09,970324,fa4871319dbaa27fd2f93dcbee264ba0048332b5c26ec0234e8aad3e3571cbbf,neoxa,withdrawal,1.41112000,361.25,13BDGpGD1QbAVSjFRDFwBEEgG4nS2jznHc,
2026-09-09,970324,c004b0c2e0605a5df97a2bd4296bb4eb204137d1a1a75c70c79d5265bc3b0f4f,neoxa,withdrawal,0.42118000,107.82,bc1q4ee3ksaprt2gqfwerqg4ugv5untq2836sp6cvt,
2026-09-09,970325,c3e316eab11635e1ab228b677fecff9e5081d939dd8ab9602a318e7fc99103e3,neoxa,withdrawal,1.30831667,334.93,13WZYCHpJrk6pAYGTd7sReNbsfTSRruung,
2026-09-09,970325,294f8edd470f41a7b7ff5252b9ae58eae7085bf4f45aa55c14b8710f61dc5c92,neoxa,withdrawal,1.48512200,380.19,14BkKN23DwF9E9Twob3Nh5ybP6x4S5CmfK,
2026-09-09,970325,294f8edd470f41a7b7ff5252b9ae58eae7085bf4f45aa55c14b8710f61dc5c92,neoxa,withdrawal,1.24300311,318.21,1BgUAkJpoSJCLRwqp73bndpwRcFAh18hgt,
2026-09-09,970329,26a6105917c6b40e166bcf3bb84f86f83d2992d826471d5a4423f74ae73bea4e,neoxa,deposit,1.47830000,378.44,1KTRnSfEBdqZZP9gvwhqJKdbn9nVeDGLxi,
2026-09-09,970329,332ea84b87358c0d0bfb98bd84fedaa75679a4c0c97ce9272b92edadbc433786,neoxa,withdrawal,3.21990000,824.29,bc1qagwymf0yprgruqqnzy3pgr5yrls7ez680zgfy5,
2026-09-09,970329,1e7e37c4f1b81670daad122c904c2c3edf9abc03950a7bf33f6e3fd86d07158d,neoxa,deposit,6.00390000,1537.0,1By8prQMbUciuccQuRFBsyeqFUmbudM1Cd,
2026-09-09,970329,fb43af04d29c93b6b0f78455951023f3f404bf5a6e27fff87c7e69850050876a,neoxa,withdrawal,5.48924787,1405.25,1GLcETeBvExMUv3E2AVMvnL14n6Ju3hgfK,
2026-09-09,970329,fb43af04d29c93b6b0f78455951023f3f404bf5a6e27fff87c7e69850050876a,neoxa,withdrawal,0.79117343,202.54,bc1qthjxdksatqnchj9kjj9aan3w5mpna8p0r8vcze,
2026-09-09,970331,6e8fc1b82257e90eb91be1aa24365fb65f7272327217f65ba91c0654c0fbd2b6,neoxa,withdrawal,1.39049809,355.97,1M1Xp6KSvBD18hJ5C8pm5WjEVkAHnHGAWr,
2026-09-09,970331,6e8fc1b82257e90eb91be1aa24365fb65f7272327217f65ba91c0654c0fbd2b6,neoxa,withdrawal,1.68223617,430.65,13q67yfr96X8xyyDyrz4g5E7yHFJNzyLoD,
2026-09-09,970331,3a8b8f740525ab6bf19a3130a643f96476110312c02c3ce41a9df4f49bf75277,neoxa,deposit,1.61540000,413.54,1KFxEDJ3XPFjVDLRzb62gTeAAWaBMo3QF2,
2026-09-09,970331,669f086a0fd88989efd24c1cbdc7c103c98d9c14596eda0db440a6b2c319689a,neoxa,withdrawal,1.15577000,295.88,1KHSn5yNsjzcX3gQjW8u1meHHFNzgMFHjc,
2026-09-09,970333,7cd4b25a39947f2f4d69b8ea91a036a101ee62c6ca16883452178ab7790cca69,neoxa,withdrawal,32.10471089,8218.81,bc1qwmyd0nzj2dtqzuvpwcud3qpa68a9y2vc985xf2,
2026-09-09,970333,5ce2d864cd586e38bfd3950f711522e33ef5f9e022351bc4afff314bb217b124,neoxa,withdrawal,0.99990000,255.97,bc1qljynun6e5plfvte3wae6fkappzqlg44cxuz9fq,
2026-09-09,970335,8e8c754f8c3e8ec424e952bcf21290ca9451c67aba2e8fcde0cab031b0aa3443,neoxa,withdrawal,616.83075490,157908.67,186gCtyv4q2bWVvwgCjkPSu49EQKowHR4J,
2026-09-09,970335,8e8c754f8c3e8ec424e952bcf21290ca9451c67aba2e8fcde0cab031b0aa3443,neoxa,withdrawal,11.76666716,3012.27,bc1qkh6dzxyznanjc604jx5y2nqhsxm7c4q4jqa2ld,
2026-09-09,970335,417478dde8ce235637b946d5f86f9d8dab1050acdce267376e4f91b81469ede2,neoxa,withdrawal,5.17481920,1324.75,1FWfKtXpxXqqBY3VhwQyrmepZPBY8TVrjG,
2026-09-09,970335,417478dde8ce235637b946d5f86f9d8dab1050acdce267376e4f91b81469ede2,neoxa,withdrawal,1.45332777,372.05,bc1q6n7xqmw5vulwlen7stalz7f7dmzgq5440z5zwk,
2026-09-09,970336,824d80a3f8e1848174ac54d41a9f56036529419af3a77cd02265b6b46201a228,neoxa,withdrawal,0.99990000,265.26,bc1qll7r0ywyu6680z7mw5va80muz8x2hg34gft4vv,
2026-09-09,970338,3d42d07597ffd95bd0008541d26fafab9a1a728ee6cf8f6d49c311fb67a7171b,neoxa,withdrawal,3.77151205,1000.54,bc1qjpmuv9at877m0grh7cklwh5q7h6ku7nsvgks9es3ptzvd9rhsa6q5f3f6v,
2026-09-09,970338,3d42d07597ffd95bd0008541d26fafab9a1a728ee6cf8f6d49c311fb67a7171b,neoxa,withdrawal,5.36583213,1423.5,1G1HQrKK4p7M7U6nuHmQqEGo5ucvxUnTfY,
2026-09-09,970338,d0a62ad40497612b9b9904a8e9211597593621980ad492b170f6c44895ed086e,neoxa,withdrawal,0.87876982,233.13,bc1qjs4r2f5ehvunsarjsw5vcv739k2qpv7ntsdvtp,
2026-09-09,970338,96d05b47fe71b407cbeb5ae4aa0bf2106907a06223d521501dd79ef814fb5533,neoxa,withdrawal,1.03601355,274.84,bc1qjrpd3vuvns3y9vw99n9ehf2mzj720tmu2g8amc,
2026-09-09,970340,40879dc4199b077bb2afefdb0df34d996de2a3474b2cc4cd0a16fefe2227e88c,neoxa,withdrawal,4.06962711,1079.63,14nhxzgCALiaQAmiPtrr15cT9GGzYWXbPV,
2026-09-09,970340,560f4afa19f17fa7818f8964fc4493d6543bddcf400f477345debb394a89bda3,neoxa,withdrawal,4.01816909,1065.98,bc1qp0t7y9dd7mu6ddmrjt92ezn0gk7ftsmfygqpdl,
2026-09-09,970340,7c33501537a601eda58be3c6e0f3e9fa677e7ae23584323065de55054a3c74cf,neoxa,withdrawal,0.89020000,236.16,bc1qf9f84n5su5709pl6fdq35v3yunf7ujz5djqafu,
2026-09-09,970342,c8cdcdd53b0231603aa74e1c4265ce6f6d6a3fab656f6153f3b8c5f9552c1e0b,neoxa,deposit,0.61160000,162.25,141jXDm8akFBruCVacEpZoAAJ6T9jgaNYo,
2026-09-15,972216,b7540b5135a30c846db525672d62384508f70bb26f48971f3e6b2573eba52cb6,neoxa,deposit,10.71130786,2635.73,bc1qg0zh35wq2jxfj855ljqf8ve8uxk636dq8aax6z,
2026-09-15,972217,5ccb5cd8471f60a8299d62bf07a249a61771b2526ebfac818aa302b906b113d1,neoxa,deposit,3.14316864,773.44,1BjCwwSMJ718AHs478XHY5QjkYsYoCFTuU,
2026-09-15,972219,7a6dbac197d744d41748f75263fb3b4a61d2408d295525f355ac535da3ac9c34,neoxa,withdrawal,0.42822789,105.37,bc1qs623lyeh3y0e7ayjarmmmcs8nlrecdydkwrfj0,
2026-09-15,972221,955a7a57799be321992f232d967ad5ea03443c988d0e4d06eab041e9c4318837,neoxa,withdrawal,29.79106394,7330.69,bc1q5cjra9u5ag75w9wx23mx9grnwp8d7kq4x2dzzq,
2026-09-15,972221,955a7a57799be321992f232d967ad5ea03443c988d0e4d06eab041e9c4318837,neoxa,withdrawal,14.57926723,3587.52,1H5tqjYESifMpLZS9XBzJCbNHTJggYP9eE,
2026-09-15,972222,493b38460a64f8ad2f6bd490f9e4063b2dd32fa388e27044c535bf705188c265,neoxa,deposit,0.41658389,102.51,bc1qacqcyyfhv9tzgzcudpf4sg7gu75a6dnchpg9tw,
2026-09-15,972222,bdd98039ece1e65e46d08e1846cbebd8c7ed2839855eadeb2c08c3eb6bbadcdc,neoxa,deposit,0.72425437,178.22,bc1qxuzxk8n7dxwj52c75la94cu03467qhls5qqqwr,
2026-09-15,972222,9e7d4ea3bbff0379372a053660d08bc9f00e439d61305262a78f4bb28de25df7,neoxa,deposit,0.89557079,220.37,bc1qqme26fvym0sl2568g3wn8dytt280jyhs7ln7m3,
2026-09-15,972223,c99f5b5bd8854a444ed64d716a983f35f42ebddeaee0d919540b0515668fac7b,neoxa,withdrawal,3.36830090,828.84,13A8nfNsfQd99F45zhZJjfHkwusou6bn13,
2026-09-15,972223,257494d5bde942ac63e630900acb1857e725b3caf10d8d01e5c355da331a4f87,neoxa,withdrawal,0.89990000,221.44,15jVzLrL5Y8NLQLF2psy1yqtr4XbkdByGP,
2026-09-15,972224,cc671042a93e85a3ef1ce6b58e86ae7625cd51032be039760b22a84781b9669f,neoxa,withdrawal,2.02198887,497.55,1JnsVqpwBmU8DuYMJs1t2yH5QCARoEU4Sb,
2026-09-15,972228,af0800fded5dd0faffbf445a4c889428dd26628262115271dbe82898660a208c,neoxa,withdrawal,4.94320183,1216.37,bc1qjccw39ajkjnxdmk8gsz499qqw3kd79nmhv66ag,
2026-09-15,972228,af0800fded5dd0faffbf445a4c889428dd26628262115271dbe82898660a208c,neoxa,withdrawal,1.02626472,252.53,1LxE5fGysBziBWNHiJMaE2eC4FGLBXU9qi,
2026-09-15,972229,8ecf30036029191d5928b14db538b065154b2eecf7e855292d280478d0b8df63,neoxa,withdrawal,0.64869435,159.62,19pfMPEzHLu6kVQs1UzBUhqhmpH4jRBNSM,
2026-09-15,972229,8ecf30036029191d5928b14db538b065154b2eecf7e855292d280478d0b8df63,neoxa,withdrawal,1.10000000,270.68,bc1qn6sx9fhm3x5mkrs0wnxyr6y6g7fr5m8l7lhx9zqz93vgrkpdqspsqlhl7e,
2026-09-15,972230,ca5af2a13fed53e5e975a2d90b402ec9871f8f19831e33d415e94dbc533ba9a5,neoxa,withdrawal,2.04612999,503.49,bc1qhesvv7j0u9el7rn47j3yk9lkpzfdagzylpwx0k,
2026-09-15,972230,2bb1462b90d50ac7d031963c1472a68b1f914cb718aa6b5ebf53daa7a815705f,neoxa,withdrawal,1.10000000,270.68,bc1q5dduzfvdan489wkkhduntpn5v0epvvfseldy7zs4z0uf2r0syelq86jne4,
2026-09-15,972233,192d529b28e8dde72b9ea41a468a95a7daea974e4f8cd5bb13b4c82c6ea7f25e,neoxa,withdrawal,13.00108930,3199.18,bc1q8fdhxmtzmpw9mtuq85jvuy9hydum7egkp5en5q,
2026-09-15,972233,a67965aedfd7bb122c1630f4dc2fbc9cc89f2dba80e38cf8c57965a3bf36f66f,neoxa,withdrawal,4.06264231,999.69,1MeNf2YTsLw2n9L6Ht5Jnqa85o27txjaP7,
2026-09-15,972234,7b854e3b1d1c4eb7d1f9d7b1f8437fe4d5164084ed246d5bb399ca2695f66bc2,neoxa,deposit,0.39153045,96.34,bc1qwxrk4axma5q3khhkwgclh62kkr4heyzvvm3ynr,
2026-09-15,972235,120701c04b061aa2d7cc235e5453f33ed716c790033ed8fd3988e2792246a761,neoxa,deposit,0.30661524,75.45,bc1qxuzxk8n7dxwj52c75la94cu03467qhls5qqqwr,
2026-09-15,972235,9dc435265682dcca05385c4cb657aacde8d51e262c4bdded2bdb863e28fe4f75,neoxa,deposit,0.38107226,93.77,bc1qqme26fvym0sl2568g3wn8dytt280jyhs7ln7m3,
2026-09-15,972236,c1fde0450c128364688e4b39d10d31bf9761c0ab1ed9cb216e60a897de178e3a,neoxa,deposit,0.69519028,171.07,19zC4V22PB382GknVvq2p3Bq7gXjMBEMU6,
2026-09-15,972236,c1fde0450c128364688e4b39d10d31bf9761c0ab1ed9cb216e60a897de178e3a,neoxa,deposit,1.66907485,410.71,19zC4V22PB382GknVvq2p3Bq7gXjMBEMU6,
2026-09-15,972237,6cbce9d852e820f67a04f829b06b12db1cbc58840d48331ca6f563d88fec9416,neoxa,withdrawal,3.17978572,782.45,1Hf9RyK9zThpEbwMEnBg6dsPPfXnu51nW,
2026-09-15,972237,6cbce9d852e820f67a04f829b06b12db1cbc58840d48331ca6f563d88fec9416,neoxa,withdrawal,8.60655994,2117.82,bc1q9dmx8l3ux0hnhdj6386u53vvge3lec3avf5hd2,
2026-09-15,972239,735a97f05be832ccf8131e109b19bc5595b19e78ffeef7254f0c1c9fa95c3946,neoxa,deposit,8.00000000,1968.56,bc1qwqdv6vdypqlfy0yhdagfuvycvhllugzmg7zjn9,
2026-09-15,972239,ce207a455bb1ecfd08b129a17b6f7b8a662c669425c55f6ee31721a38eca6ac9,neoxa,deposit,0.34426157,84.71,1P3piaD7i4ifeBfG9Q3fJ7fgyM6xH4KZ1a,
2026-09-15,972240,4650e1e0f4845bb38d8cad6a5df16c891bbb1dcdceb397d7ed02da4e0bf5d138,neoxa,withdrawal,1.95258792,480.47,bc1qvmmux9rhvpd8r8eklsvvnhcgyst02l5jl8uvku,
2026-09-15,972241,29a80cf178146ecafd82b9562138102aee8e3180fabbc7050f6fb3d5c3ac1226,neoxa,deposit,3.46345141,852.25,bc1q03geac937p36zdggj4mpwwww0scmxm697j3exf,
2026-09-15,972242,c128d4b1f05b4916f5d2c481eef8bb8673f59bc0e4e4745559b5eee81587cb8c,neoxa,withdrawal,37.92147813,9331.34,bc1qtae2d3d5z7r048tw2fm4zc3n0t0lpyxl3x0996,
2026-09-15,972242,730e52d7a56ccd06c82bceccbae21aa93936935eb22ea22588b080f9940e61e5,neoxa,deposit,1.48650000,365.78,bc1q8k2j4zr79asrfcw5zace3gajza33rmv5rv67w2,
2026-09-15,972242,70d38e455aff2a9477a3a8a0d6dbeb280eb8d47ff0f83651b521ed7cab93f470,neoxa,deposit,2.21340000,544.65,bc1q8k2j4zr79asrfcw5zace3gajza33rmv5rv67w2,
2026-09-15,972242,2d8f3f514c3bbd5cd01a6cee506eb5bc032267e7745afebe648e02c7b9a1687b,neoxa,withdrawal,1.62516277,399.9,1EDJYtszxLT4H1UBaWSUzX4VbCQBCqP3Yk,
2026-09-15,972242,2d8f3f514c3bbd5cd01a6cee506eb5bc032267e7745afebe648e02c7b9a1687b,neoxa,withdrawal,0.98733007,242.95,bc1q8fu4zzsydtg465cqfccrlhcvspwyrvtvpkxqmx,
2026-09-15,972243,e9045750609a146db314354e50263a208b7a18fc38ecb37717357e37a4ad01ad,neoxa,withdrawal,155.42870877,38246.34,1FBngzTb8GmaDFm8EWVkPhVNV4SBkktmo1,
2026-09-15,972243,e9045750609a146db314354e50263a208b7a18fc38ecb37717357e37a4ad01ad,neoxa,withdrawal,45.01973702,11078.01,bc1q3mrtj0z2drh63vdxkpdk5rsk2xsa6qmmuh2cfts4dk4h6zttuckswt89af,
2026-09-15,972243,fc2154684f66508093a9b326a190ea03a7a007c679a74487eba87c90e819ee85,neoxa,deposit,2.57350000,633.26,bc1q8k2j4zr79asrfcw5zace3gajza33rmv5rv67w2,
2026-09-15,972243,7962fbf6b45dfea8394b5b1c3bf44e65eadf3da4a2d357635ea1ce7ab745b9ae,neoxa,deposit,2.03318498,500.31,1M3i9RQG3pGcRdSAdBAgtF5fhXy8yPV7Xp,
2026-09-15,972243,21eed6173e7b82365fcbf53c3e23bef38b3f3404359ed1ec69f9b440f0446888,neoxa,deposit,1.49280000,367.33,1PSPyEqBGN4Wtz8rQ1ddi4nX75g9uf6dtA,
2026-09-15,972244,08a02a7417959ef889f004a7611bf02e93af7006218e268164856e6c6a034feb,neoxa,deposit,10.00000000,2460.7,bc1qd0lk23alu007zzu8jhjfm2haeyfvy4cudnw5ye,
2026-09-15,972244,4ce284a9d00abb92256cfa255d0d992392b2c36c4bd3d72ee2a1696e87a6dd83,neoxa,deposit,2.91660000,717.69,bc1q8k2j4zr79asrfcw5zace3gajza33rmv5rv67w2,
2026-09-15,972244,8aee46ea7717d4c1428b72f9f1a3cf152f9a9e38821d7ace37f90e0a9ac70741,neoxa,deposit,1.13750000,279.9,1AasCc8zfw37VbbGEwzqESTuEKVX3BUTTt,
2026-09-15,972245,1cce7a53b172d4c1771b9f553026c3f1caa0076ef830cdac0800c1c70bfff2d3,neoxa,withdrawal,4.50324904,1108.11,bc1qudyep79vvx43s5wu4w652c9nfarztf24kg0l3metrghfex8enqeqenv8jh,
2026-09-15,972245,a9781f140f4274e652007f418fd17c8338dca2a964eb9ddfeb6c15160afa583b,neoxa,withdrawal,7.21264604,1774.82,bc1qctw34d3fv0ghd7w4jp7daf8j7ljz58w07pqsdf,
2026-09-15,972245,04260f0503ab874c2c691a35e24c11988640f7a60ff9dc56bedd7ec19ebc5410,neoxa,deposit,2.71380000,667.78,bc1q8k2j4zr79asrfcw5zace3gajza33rmv5rv67w2,
2026-09-15,972246,8687764fbd719f6e7ed812191fa2151429c4283eceec1e8897e1b38c0ae32d11,neoxa,withdrawal,5.91672732,1455.93,bc1qt8guw64639jdcaqaml2wda7t29stp0tvak598m,
2026-09-15,972246,8687764fbd719f6e7ed812191fa2151429c4283eceec1e8897e1b38c0ae32d11,neoxa,withdrawal,63.19224460,15549.72,1GNzbaB3wxK4M5EbvtnSj3RPr6dKR2oyT8,
2026-09-15,972246,838bf225dbbb5f7431f52b08b018f33d799d1afeb43c929589dba15d71a16345,neoxa,withdrawal,20.28682293,4991.98,bc1qh9jsvqszjq6p6kulnc2lh3yjzy2ywyny2kkrfz,
2026-09-15,972246,d5bea2367104115730eeac29a2c834ad379a89afac1b717d66c65e054b31b75d,neoxa,withdrawal,19.06348602,4690.95,bc1quknwef9hg702h9rqxq2pdmfhupgdna0v5gtld5,
2026-09-15,972246,331e017532f46d715b749f1bac4071cae6cd8c4659a984e7309f26387724a87c,neoxa,withdrawal,1.79414747,441.49,17h8E89UzuFhQU4hR1tsFJ1nq7XEqqdG6f,
2026-09-15,972246,331e017532f46d715b749f1bac4071cae6cd8c4659a984e7309f26387724a87c,neoxa,withdrawal,9.15785063,2253.47,bc1qa3s434n36ech8fpl46q0n966esqwwgu5ur2qtm,
2026-09-15,972246,c360ff477193f83f00c3d718665651c50150d94404519987bc5a071641ec4ac5,neoxa,withdrawal,15.71482518,3866.95,1FQgMaS7KgoHqK5z9QWpsVSVozsp4ecRZf,
2026-09-15,972246,01caeaff40d21c478a443ce5c9f67a2c7c790e0224d5a9a8f46618dd22a1fba5,neoxa,deposit,2.00000000,492.14,1G1WgXqHizMfXxWA5vgUzF2qhgpmUHAorw,
2026-09-15,972247,58a09a864074ac1805995981861a9469a95f33368b15a63764b42b485cd569dc,neoxa,deposit,1.06800000,262.8,16BXZDvGVqFeitVH2sFXNz5up2f2r6Z2RJ,
2026-09-15,972249,c8e91a487978e48e1841abc131a26ec1879d98d0d8acedb15715f32a0ab53e6a,neoxa,deposit,2.77520000,682.89,bc1q8k2j4zr79asrfcw5zace3gajza33rmv5rv67w2,
2026-09-15,972250,c371732e86db444ac2b4e15a8c2064544ca827839bc48a3314267018fce70dd2,neoxa,withdrawal,14.82302019,3647.5,bc1qeccywuwy6glvz8ln0gm5wmvjhllk5ksk85elmc,
2026-09-15,972250,c371732e86db444ac2b4e15a8c2064544ca827839bc48a3314267018fce70dd2,neoxa,withdrawal,23.03966137,5669.37,1D1ZU6QNiJPotiSMBoJX6mH4VLpqHCG5SU,
2026-09-15,972250,dd67e0dd347033084eec81b890f33268ea62f93484864ee2bd3fd19925314cfe,neoxa,withdrawal,1.00000000,246.07,bc1q5ylwpfq9ta3fw3lrgtcyw8cv2h4xfx5aepmf0v,
2026-09-15,972250,dd67e0dd347033084eec81b890f33268ea62f93484864ee2bd3fd19925314cfe,neoxa,withdrawal,3.11331631,766.09,15cWXETDSSmpUxocWym68hvm8WYAWyDmEz,
2026-09-15,972250,476c5f6a29cc9516df16d4be085b6c1a43af91ac5acd0944f3b5fc8044f85724,neoxa,deposit,1.07290000,264.01,1DkX8pJUCCGRTLsgepHQQWXR2Rurr55GqS,
2026-09-15,972251,17f03ee7f053b5ebeb7f363a95d589eb7ec314deb923d1fbdea06ad1b6e8d71f,neoxa,deposit,4.99999929,1230.35,bc1q8m3pvfnzhx5dmwhcsns93nqynkvua4xnatq3fq,
2026-09-15,972251,a759bab67c1ea057969dfcd9005531760463d2b79ec35b2d954b797b03a0827d,neoxa,deposit,0.50977408,125.44,bc1qqme26fvym0sl2568g3wn8dytt280jyhs7ln7m3,
2026-09-15,972251,0f20a057b5af718028783c429e550f7ee4de2892830c0cd15d9edbe22f694bf7,neoxa,deposit,0.41139506,101.23,bc1qxuzxk8n7dxwj52c75la94cu03467qhls5qqqwr,
2026-09-15,972253,d99748bc477770ec0c5c78d3b52704f24d8b9f9d7ddf369c6f810b6abf608f85,neoxa,withdrawal,4.11807387,1013.33,bc1qg45g6wpe0l3h9l90j9jc0lj0ex9heml2ej2xwr,
2026-09-15,972253,d99748bc477770ec0c5c78d3b52704f24d8b9f9d7ddf369c6f810b6abf608f85,neoxa,withdrawal,2.28268606,561.7,1JmesSdXU9CRdHEdjd2hoTR3LLpeEzi7Cb,
2026-09-15,972254,26710f589d222567af747597022c4f811c2878713fbd5ebf23c1de1b43a9dcc4,neoxa,withdrawal,36.88466988,9076.21,bc1qs8u0rq68a7vw0lj9tjlvl4mzkzptpju3yjyuuq,
2026-09-15,972254,26710f589d222567af747597022c4f811c2878713fbd5ebf23c1de1b43a9dcc4,neoxa,withdrawal,159.09573994,39148.69,13RnryXJxWVbbji2aspU7e7NMfme6hgasU,
2026-09-15,972254,d4e188d00aca8f809ce7472ed0e3aa275227250fe6901d3984599656b01c4605,neoxa,withdrawal,75.42654683,18560.21,1HFkN5p4RNekwhGqCADpXrtRqr8d7w6YEd,
2026-09-15,972254,ac628085fe1024fc4237174a550803985a162c56051fd8731cfb43e578cf99e4,neoxa,deposit,34.00000000,8366.38,bc1qd0lk23alu007zzu8jhjfm2haeyfvy4cudnw5ye,
2026-09-15,972254,d0eb1f9fddcd1a7cd5aa288e086dd78446b6dd2b37a34eb27c4960491d343f83,neoxa,withdrawal,10.63345777,2616.57,bc1qsrahzlc7cavps73j4kqd2nn4hd4j65s2dshz9p,
2026-09-15,972254,d0eb1f9fddcd1a7cd5aa288e086dd78446b6dd2b37a34eb27c4960491d343f83,neoxa,withdrawal,3.20879011,789.59,1PUgpmuKrgAVjCe9aUKihK9phPiCGb4hj2,
2026-09-15,972254,10b2bf1a852e0ef3ac0d494fa707f3aa55f5469bf13081112a9f4890dd8cd98a,neoxa,withdrawal,8.01834579,1973.07,bc1qcvgds9xq86nn2khxzrem0nl0gkd2hqhwg5z0gu,
2026-09-15,972255,1697283de6ae3f605baf2243a0fd6790f86a89706c2a0ffabcccdadedcc1387d,neoxa,withdrawal,0.56006171,137.81,bc1qsw5ntk5zak46fgc7r38esqmrcxwnfdccavtrrl,
2026-09-15,972256,10c7ed446787d77ad6553e2e392fd5b81430740bacfc026119dbe4d76f57de48,neoxa,withdrawal,220.70071161,54307.82,175gwwiAGFLWjZvc8TNp5zvQq4y8C1d7Z6,
2026-09-15,972256,10c7ed446787d77ad6553e2e392fd5b81430740bacfc026119dbe4d76f57de48,neoxa,withdrawal,28.06067499,6904.89,bc1qq4w585narfells26ap9scwexnpn338g6d4zkcq,
2026-09-15,972256,a7ea678f960a100bfd185244aab2b2897a292dc8753cc1de27a5fa824f34cf1f,neoxa,withdrawal,90.86293683,22358.64,15cqn27WiNrjtqUNAFyV9PKLkXPHmn6dh3,
2026-09-15,972256,a7ea678f960a100bfd185244aab2b2897a292dc8753cc1de27a5fa824f34cf1f,neoxa,withdrawal,15.20317400,3741.05,bc1ql6l978jsxnr57nrat9yqtnsle50f7kssjm34xt,
2026-09-15,972256,b5fd257518b1891c4ab8ff720c5efbf20fc7a52d211b3138539c32e6af759535,neoxa,deposit,1.90720000,469.3,bc1q8k2j4zr79asrfcw5zace3gajza33rmv5rv67w2,
2026-09-15,972256,7e208b86108d845e0918744c445b2fd30549cb4df7644ed19826124db6c4e81b,neoxa,withdrawal,3.71413399,913.94,bc1qvsghnaw8vftk8fncap5044ws9u0rhseyk4mrw6,
2026-09-15,972256,87f9dcf4bf78158da7aff6414ceec9ffa0d1f0a20136deef7891aba6b66227e2,neoxa,deposit,0.25000000,61.52,bc1q4qkypwjjqt5mnng5ytlram266p849tn8s2ahhh,
2026-09-15,972257,f3ed48de53488f71de56183413b72ebe003f673e3811ce83eda94ce83dff6a24,neoxa,withdrawal,8.93988538,2199.84,bc1q73rnl7lnfp5aj6sluzwt38fw5j5qkkw6jjhf5u,
2026-09-15,972257,f3ed48de53488f71de56183413b72ebe003f673e3811ce83eda94ce83dff6a24,neoxa,withdrawal,1.56893702,386.07,1HdkxButwZYEJKJhWFoRReXkHQ8XyoJsC1,
2026-09-15,972257,6e01b8234e805a3bcecb65ac225089acb52ada198df877905660da7e6acac089,neoxa,withdrawal,6.89438265,1696.5,bc1qzkstatqhx0v6egzxpcekmvjzrtaaza7h20p0f6,
2026-09-15,972257,86f16353d18f1d16ebccacbbf9568ecb5fa25eb9dc59fd7b0abf115c5f97dba0,neoxa,deposit,0.92130000,226.7,bc1q8k2j4zr79asrfcw5zace3gajza33rmv5rv67w2,
2026-09-15,972258,dcb4025b31a5095c4bd9319619649912e6d67fc2451d718abdc872e2c6f401d4,neoxa,withdrawal,0.36321965,89.38,bc1qzl80wu49ynt8dp7hykedqru4t5ecrwcttttfa4,
2026-09-15,972258,56762ba2059afa6789f47fec9aa10746205f2c546452cda8eab3a1569857a27d,neoxa,deposit,0.37546549,92.39,bc1qacqcyyfhv9tzgzcudpf4sg7gu75a6dnchpg9tw,
2026-09-15,972258,579330da63c7c162418b0bd82d57e5debbae8a96e110f2f19654ae46b09dabc7,neoxa,deposit,0.78183266,192.39,bc1qqme26fvym0sl2568g3wn8dytt280jyhs7ln7m3,
2026-09-15,972258,45db476779d016c4005a5b5f05ee948c282a20a34a500faa4ce0ac71bfd10fd2,neoxa,deposit,0.64397303,158.46,bc1qxuzxk8n7dxwj52c75la94cu03467qhls5qqqwr,
2026-09-15,972259,7e6188b1baa0698f46d5753fde3b6e073f0f892964bc778e7d9e2f0fc52bba43,neoxa,withdrawal,92.94445434,22870.84,14bDhb6sD4bReXQwpkNVCVmhuHkwsHQuEN,
2026-09-15,972259,7e6188b1baa0698f46d5753fde3b6e073f0f892964bc778e7d9e2f0fc52bba43,neoxa,withdrawal,10.11967523,2490.15,bc1qedmwux6k8rs0dxlh3cd77k6nhedhc4hlh90qsx,
2026-09-15,972259,11597ec59c699f17cd26fe6aff0673b26030aea6db2e2a6f8d3360925b31c86f,neoxa,deposit,1.18280000,291.05,19GkrLiH9xhkiDkjh9rBKBqqNSJz3Uv9UA,
2026-09-15,972263,875c2147b6a6bdf6ea313cccee48fb874c5682511abac2a72a49e91c0a76a83c,neoxa,deposit,16.00000000,3937.12,bc1qwqdv6vdypqlfy0yhdagfuvycvhllugzmg7zjn9,
2026-09-15,972263,4bb04190b4a3558105b2f69737fddcb16c035d8724206411ec5c50143f3b5bcd,neoxa,deposit,2.63350000,648.03,bc1qrtzqpn24jzz8n6p43j6c248hhdadlny2lv2w7k,
2026-09-15,972263,5666381e9240c7775a628f10153ff40b7d9ab8ac062dd7220522357b00085990,neoxa,deposit,0.57532165,141.57,1P3piaD7i4ifeBfG9Q3fJ7fgyM6xH4KZ1a,
2026-09-15,972266,73a363819f384cada8193b3c0d2bc4961cd6210cb374a8720d5a558f4b92032d,neoxa,withdrawal,11.81258847,2906.72,bc1qp2nqexw3zm9kdrrdcr7kx9nnv6nkksx4m4z5w2,
2026-09-15,972266,72e6fe2a24cc9ea5d99346c3928fd92aae6b2bd0cd19bb00eafe8614a19bf25b,neoxa,withdrawal,2.27595686,560.04,176r8oSeVLGFoWJyP7y3VVna3G7FiKH6EY,
2026-09-15,972266,72e6fe2a24cc9ea5d99346c3928fd92aae6b2bd0cd19bb00eafe8614a19bf25b,neoxa,withdrawal,0.28185076,69.36,bc1qrvjdvpwh0xdtyjpy0jmrl4mmwudyjxpkgl8hpj,
2026-09-15,972266,9cef33000122733171175a31c71696696352d888597fdbd7e33e772ea8a302eb,neoxa,deposit,1.87090000,460.37,bc1q8k2j4zr79asrfcw5zace3gajza33rmv5rv67w2,
2026-09-15,972268,84145fc15be254bfd69c858904a493a94ed9bfe617f2f259033c9a8491d274e2,neoxa,withdrawal,0.81838805,201.38,bc1qsd62cmu4h25lknqwwlfq3txvdyasqce275nzrh,
2026-09-15,972268,84145fc15be254bfd69c858904a493a94ed9bfe617f2f259033c9a8491d274e2,neoxa,withdrawal,20.92881304,5149.95,1BEniYL6bMdzjFDVSuM3B4b1n4YDTAgP3h,
2026-09-15,972268,409ce19a119c90beb2caab1a22a650ab39e863eb7a519433b985278a90cd3650,neoxa,withdrawal,1.16709538,287.19,187V2K5Ni283KUZfiyXTrUTtS3UoReTctv,
2026-09-15,972270,cf590b374bd3fd4285507c6153f1322ae2d4baaadd09df2ae006c562ef3dbd82,neoxa,withdrawal,16.82065446,4139.06,3PKtUcDyQhYnqPdKQfCaVeyCB3hDm2ocrm,
2026-09-15,972274,de6cdb9f4bddb48db3679f04a84867a980ef6db5aba7e76cba74c2a3755ae506,neoxa,deposit,3.32665265,818.59,bc1qzs0c4sqtlkt52jzldymga97pkuqtjg79rmkwh7,
2026-09-15,972274,150492c6f309db4e0b6a7b1e2a9e17a06979e6d8c3c9fe3cf36b610597e2fd7f,neoxa,deposit,0.93611041,230.35,bc1q0dfzxat3cssxtp052s8p5v6dd9ftkzrveml2c0,
2026-09-15,972275,3f60c766e449cbcaed38c696408068f94b2bb5521f10565bd42013eeb117aeca,neoxa,deposit,0.30000000,73.82,bc1quhucjnkujcyfc8ds9evpeejwacw8qfg5lqsjss,
2026-09-15,972275,d02c71ce8386984b59c2f86794adf95d978697bd2d4e919b7fe6357c3f1a92d7,neoxa,deposit,0.35727370,87.91,1P3piaD7i4ifeBfG9Q3fJ7fgyM6xH4KZ1a,
2026-09-16,972404,de39d700e6725700ed576d737dbcb6dba46c9a03d825987aad8ad59fed4eb36f,neoxa,deposit,3.20290000,1449.12,bc1q8k2j4zr79asrfcw5zace3gajza33rmv5rv67w2,
2026-09-16,972404,c667b6770c3a26c2f305c1fe3d286f9377f4572ed4ee76c7989bb6eed19f84a0,neoxa,deposit,1.80132932,814.99,bc1q03geac937p36zdggj4mpwwww0scmxm697j3exf,
2026-09-16,972404,c667b6770c3a26c2f305c1fe3d286f9377f4572ed4ee76c7989bb6eed19f84a0,neoxa,deposit,4.64122776,2099.88,bc1q03geac937p36zdggj4mpwwww0scmxm697j3exf,
2026-09-16,972405,05b36c3813caa5382dab874330297cbfae7db7d1a190395088ca0ee8fa18fb1b,neoxa,withdrawal,14.99990000,6786.55,bc1q8a2tz5l4jmg96nrq0ksalqu2ke74202ytsgdeg,
2026-09-16,972405,05b36c3813caa5382dab874330297cbfae7db7d1a190395088ca0ee8fa18fb1b,neoxa,withdrawal,63.65041821,28798.0,1BmFJJE8rpdoZGC7wDBauA6sMkfaVF1Go,
2026-09-16,972405,284f0c252c8d404b0a6d0693b4fa1fdc73b95b7a22ca7021269c9eadc610147d,neoxa,withdrawal,0.32454330,146.84,bc1q2dkkhu2ahpqz5uaurnfnzxhlt6nxv8r7uf9pa6,
2026-09-16,972405,7c8f5af601f677624d5bd1d5a09d2be9ff60db7e27a83b9138ccc18947c60728,neoxa,deposit,0.45000000,203.6,bc1qx52zl3eeruute9x94qlypfg3p2krasec67lmzx,
2026-09-16,972408,76f0b1bf87a351c180fb8517f15e537ceed840f74c632a7818e504a655acbee7,neoxa,withdrawal,16.59990000,7510.46,bc1qasa4rwsmzvtyp3qtu7hacnl590d33assj4urrn,
2026-09-16,972408,76f0b1bf87a351c180fb8517f15e537ceed840f74c632a7818e504a655acbee7,neoxa,withdrawal,146.56791473,66313.19,1Cb6Jp5VDGqP8ZrEcKx2ZfcbptTcYhULwA,
2026-09-16,972408,adc6fa7a915da9bff8c9c8922c153fdbe78773f1b026c69105d6cdc8c757e85f,neoxa,withdrawal,1.25243263,566.65,12LDHuNvY6TpvaTtKceJdPPYvW9omyjHUr,
2026-09-16,972408,adc6fa7a915da9bff8c9c8922c153fdbe78773f1b026c69105d6cdc8c757e85f,neoxa,withdrawal,0.84980000,384.48,bc1qvarsfe8pmkvls5rxcu2uvmng664yhw2kexmpgc,
2026-09-16,972408,d1664aed41cb8f286e2a245c980364715391031b6b14401ce1dfeecae87ca3fc,neoxa,withdrawal,0.62930000,284.72,bc1q6ymwx6zcpqh6jmds70fdqp8m0cah6rrp8lw2q8,
2026-09-16,972408,d1664aed41cb8f286e2a245c980364715391031b6b14401ce1dfeecae87ca3fc,neoxa,withdrawal,3.99558523,1807.76,1J1D3GFgBcgGsStHfjcM56nMcSbKbUEKEP,
2026-09-16,972408,d4ff2b71aa52ce164a95a269f8dc5ffded25d6966528b431d0e361fbc84ed8fb,neoxa,withdrawal,1.10375735,499.38,bc1qkhcxzefxkgk46dphwfr6ap6uuejhtzl7h7ml0l,
2026-09-16,972410,e5c5c6339a72d1f826e8484ff8094ba90b54c4dd105fff37d2f108e48190ca9d,neoxa,withdrawal,2.82298137,1277.23,bc1qz7acg6uc9qtzkaqd0ns57g2f4myr05zdx8t7eg,
2026-09-16,972410,c57a29f7a60d4b196d10f4f1dd3b1eefa1efe1857280a2b18a438a6f30ac18ba,neoxa,deposit,12.12902650,5487.66,bc1qg0zh35wq2jxfj855ljqf8ve8uxk636dq8aax6z,
2026-09-16,972414,cdc2ebec19db4b3174eacc66cea4a265179f7b72f33a33ed763c9c36eabe3acc,neoxa,withdrawal,0.43130229,195.14,1A5WdYcRqGxJSWTEeHZECTajSA7USXrUF3,
2026-09-16,972414,cdc2ebec19db4b3174eacc66cea4a265179f7b72f33a33ed763c9c36eabe3acc,neoxa,withdrawal,1.33413698,603.62,bc1qejlrggr3fluk42tlvvyq46nwy2034258gjjwlc,
2026-09-16,972414,6c5141308c7c930270a81c76c951ef08e1fae4cd1c8cdc8d4d0a53f7c0189fd3,neoxa,deposit,5.32989447,2411.46,bc1pv7el7hg0aapfn6fhjw02gn0cceyktsd4tag0x7gu5h64ushw4nmq7pw972,
2026-09-16,972415,0f74fe3ec4fb92bd957616f94972c9e5112658d6f9aebfc9c07ef664313ae8e4,neoxa,withdrawal,4.30821714,1949.21,bc1qxqumctp8ahdnl9f7khpperzxhknavux3ya7wvq,
2026-09-16,972415,0f74fe3ec4fb92bd957616f94972c9e5112658d6f9aebfc9c07ef664313ae8e4,neoxa,withdrawal,52.95037200,23956.87,12HfAEGm6w6JvetDFWpxXbFfUQGNGZe2y7,
2026-09-16,972415,8c0389b5add518a59a3a72139325dd505f30a063bfcb73960027ea8c48a6045a,neoxa,deposit,0.26091001,118.05,bc1q8zqjfjep9yrxdkt7yhnxdzga95azs9hrw3vty4,
2026-09-16,972416,b38e87719cc213c5353fd38e9802558d8222363a61d542fb3d9124e7a9a5b408,neoxa,withdrawal,3.03332509,1372.4,1FgWwGQuQLGQioDBpyokLvYyG1mEJg3Lrm,
2026-09-16,972416,b38e87719cc213c5353fd38e9802558d8222363a61d542fb3d9124e7a9a5b408,neoxa,withdrawal,0.71742200,324.59,bc1qfkewpt0kppzt6acndch68255wh4c592uyntxvq,
2026-09-16,972416,6f5010f895871dc9175234932b369b8f92a486d92720768f157a815f13fdb4b8,neoxa,deposit,3.00000000,1357.32,bc1qukgk03gdsp2s6qpyav3wpspy6z677984nrxrz9,
2026-09-16,972417,e017d4a54534e81fa979dc50eda04e78bdfa2b24764bb5898688fc1a68c76f43,neoxa,withdrawal,0.46716358,211.36,bc1qwe2hjjxr3c2u9mlvrg6m2xu082j6vg86g8yzsf,
2026-09-16,972418,ee3478bda40c3d29909eaf7b7047563021727f975b309671ac530974f57fa432,neoxa,withdrawal,2.70508400,1223.89,1vJEyYWLQyJJnWmihNDFireKqeipLzJ3C,
2026-09-16,972418,ee3478bda40c3d29909eaf7b7047563021727f975b309671ac530974f57fa432,neoxa,withdrawal,7.10302496,3213.69,bc1qvk90hruu6n5geldfsf3tev7ceenyh0spw8mq2r,
2026-09-16,972418,56344a1436c3ba53fbd73862e16a5137e1594376c79c87ac5f79ce8069c0aaab,neoxa,withdrawal,4.47933284,2026.63,bc1qg9fyjg7e69jrad0jsyrzh6cucfrferd4684kya,
2026-09-16,972419,a1fdcb650022cc57aa38520d7e52489894ecee29bf6f14ff2c6d7b709acf4ba7,neoxa,withdrawal,21.28130569,9628.51,bc1qmz80sy63277uum6zt5uru62v2getfuk3f4q9qc,
2026-09-16,972419,a1fdcb650022cc57aa38520d7e52489894ecee29bf6f14ff2c6d7b709acf4ba7,neoxa,withdrawal,128.79300634,58271.11,1JdAxM1CxXqG6NWeDKzpTyQSGhywGCKUpz,
2026-09-16,972420,80c4e01b3b858bd53a8e86539ef66fc10589d44d47964b77c5c2f7a37c91e52a,neoxa,deposit,1.10450000,499.72,bc1q8k2j4zr79asrfcw5zace3gajza33rmv5rv67w2,
2026-09-16,972422,def6101cb5d0bbe05e87a20141c0e059417cd12abadcb44964447174a8272f43,neoxa,withdrawal,69.34497294,31374.44,1P4CTGgFqUFkh8QisjhVJhGoWjVWHfB9vb,
2026-09-16,972422,def6101cb5d0bbe05e87a20141c0e059417cd12abadcb44964447174a8272f43,neoxa,withdrawal,3.24838710,1469.7,bc1qfanfa9v25xa82jngmn3xc4zlkgr4s5jrnnqst2,
2026-09-16,972423,3ff2eaed23512c6489ecad59883237ea5e10a743e2822b6fe9b7bbeb6b64f06d,neoxa,withdrawal,68.62550898,31048.93,1GazmQtVP9HQ6kQEX7yZs46YVnd68Nepk8,
2026-09-16,972423,3ff2eaed23512c6489ecad59883237ea5e10a743e2822b6fe9b7bbeb6b64f06d,neoxa,withdrawal,1.05659180,478.04,bc1qd39gnyhgj2237jvu843pc9n3uews2hqh7q9jx3,
2026-09-16,972424,d21d6b008302f386b2e1b3c46c801bf332ae6d06c182d59d3ff002454a0e93ec,neoxa,withdrawal,8.29435126,3752.7,1JV2nRsM6EFAGpAJPenTMG17WP91eKxZip,
2026-09-16,972424,d21d6b008302f386b2e1b3c46c801bf332ae6d06c182d59d3ff002454a0e93ec,neoxa,withdrawal,0.51380998,232.47,bc1q7sxenaharnljgx9klp7pn0pl4sesz0vh0kz9vm,
2026-09-16,972425,4b3f8db5a550c302a76667342f4a28dc4e1d75ed33d111b273b000422f01ee71,neoxa,withdrawal,6.97613381,3156.28,1QKbxoWUFXSKhpNQpjrKnKL5xPoP2qVK4h,
2026-09-16,972425,4b3f8db5a550c302a76667342f4a28dc4e1d75ed33d111b273b000422f01ee71,neoxa,withdrawal,0.53376152,241.5,bc1q0zu0wszs8tqerw0924t8p6ugmqfedzve5fx9uf,
2026-09-16,972425,2853e3ca07ef99a41f60175b908277e1b817a270f8cfb39c980b16bf5e16ffeb,neoxa,withdrawal,0.56962389,257.72,1P5XtgJAYVkoW3K4JAfXXf95LG7riXyCEb,
2026-09-16,972425,2853e3ca07ef99a41f60175b908277e1b817a270f8cfb39c980b16bf5e16ffeb,neoxa,withdrawal,4.57362795,2069.29,bc1qpzeep29zkku8llfw54n44c4ffage52uxph764y,
2026-09-16,972425,88af2428ac6c67a47937383498297978916eb27cc58763b7706f632a7c842259,neoxa,deposit,4.00000000,1809.76,bc1q8k2j4zr79asrfcw5zace3gajza33rmv5rv67w2,
2026-09-16,972425,7c0d3b9e80ec19a0037fd0f87dfa8a0d6ee952c0d5953e45ee74b76af420034e,neoxa,deposit,3.33660000,1509.61,bc1q8k2j4zr79asrfcw5zace3gajza33rmv5rv67w2,
2026-09-16,972425,8ae061eb695aab5a5029d0f8501fb0d3be8014a55eaa216f3853ce1b385ed02e,neoxa,withdrawal,0.48893243,221.21,bc1qs8s758dz8awzzn5xx2wanzmq7kz4c9um4m52tq,
2026-09-16,972425,e8d20137b9331ea2b2758c0cf73186d6c0d624e9718af4bb6b24b88067bc9e2c,neoxa,deposit,1.46440000,662.55,bc1q8k2j4zr79asrfcw5zace3gajza33rmv5rv67w2,
2026-09-16,972426,4b4753e514f8a529fc12d9772ccce85e0d978eca53ea8eb894a0a5bcdc55b8fa,neoxa,withdrawal,1.51667058,686.2,13Gj8oM5SgEHX9JmxkZpasUCu2tNGKHJat,
2026-09-16,972426,4b4753e514f8a529fc12d9772ccce85e0d978eca53ea8eb894a0a5bcdc55b8fa,neoxa,withdrawal,2.96407120,1341.06,bc1q4asrx26u5vgt7e00en08hpy6vfgp0umzmlcpsh,
2026-09-16,972426,3900ffed2be82525ef106c91f5b5b7408b7467854bfe32a96c2405addd4021d3,neoxa,deposit,4.38000000,1981.69,bc1q8k2j4zr79asrfcw5zace3gajza33rmv5rv67w2,
2026-09-16,972426,2714f64c19d468bf31d05bcc0bdecbb7382d18f433a338d3a6e096b01175a222,neoxa,deposit,0.49259394,222.87,bc1qxuzxk8n7dxwj52c75la94cu03467qhls5qqqwr,
2026-09-16,972426,408cb9177a36f3c609acd33a57032420ccbe02b38aa51fd277ab05bac3f5b495,neoxa,deposit,0.64843926,293.38,bc1qqme26fvym0sl2568g3wn8dytt280jyhs7ln7m3,
2026-09-16,972426,c8d25654d7701dabf76e8e5b8dfd1072570013e69217ffbe9e57019322856fe4,neoxa,deposit,0.31905789,144.35,bc1qacqcyyfhv9tzgzcudpf4sg7gu75a6dnchpg9tw,
2026-09-16,972427,48fa81ec22f99d84bb48d52554a65b6e7ddad29eff42dc8555723869eb0b5fbf,neoxa,deposit,3.21040000,1452.51,bc1q8k2j4zr79asrfcw5zace3gajza33rmv5rv67w2,
2026-09-16,972427,620bb4b5e083f6d5eccaccbff3e99d49b57c8b6677a915caa31d4fbb9045f09e,neoxa,withdrawal,2.56995831,1162.75,bc1qs4rxufcl75mduj7gzxmchemluheq3meax9swxm,
2026-09-16,972428,da1ca697b8852fa88dda886ffd83504728ed492a9bb4d8386e9fd581f10f091b,neoxa,withdrawal,6.00000000,2714.64,bc1qehu8rkhvx26glp7c80cgj879cjcyg7qpcujcdp,
2026-09-16,972428,09db8fc16b9cd878e073a448b275cc86f1b3f2601f675e3b2ddc226152a6e070,neoxa,withdrawal,0.77932916,352.6,1foFd1ZqsyGeiZK6oUtQfA9bQDPGT8MfB,
2026-09-16,972428,09db8fc16b9cd878e073a448b275cc86f1b3f2601f675e3b2ddc226152a6e070,neoxa,withdrawal,3.10830354,1406.32,bc1qmz80sy63277uum6zt5uru62v2getfuk3f4q9qc,
2026-09-16,972428,ca13040e0c6d3f7d0dc51a4647f8ebe986521fe9c1487e1f6732febe176ef111,neoxa,withdrawal,4.64932067,2103.54,bc1qp8x4qd4qpgfecaftrlx9kpgpdt5x2ekkvzaqk7ld32fr0gnfmdussahut6,
2026-09-16,972428,ca13040e0c6d3f7d0dc51a4647f8ebe986521fe9c1487e1f6732febe176ef111,neoxa,withdrawal,1.29893068,587.69,1D19J8YsoCVd1rdZtzjinDM18BUgKGGL3V,
2026-09-16,972428,4f1250f559d3f3c40fa5c9bc2c7e3af34442fc53f46914b032a320dfe673069d,neoxa,withdrawal,0.99990000,452.39,bc1q2qvf4erdszv3l9d9u2je54hkpspprvzulp8wkrh5kx95wpumh2csalnfw8,
2026-09-16,972429,343c040a43531e48716227a59889f26dcaafa7c0c6a42061cfd3acc2a018ce37,neoxa,withdrawal,19.84610895,8979.17,bc1qmftjz0vqs9xwnjtnsn7ry4y5ph3tdvfrq9qef2,
2026-09-16,972429,03450057cdcdb60c5b542c4582f7c127b9e0435b70cdfd54d0c8d57e00e8159a,neoxa,withdrawal,10.99990000,4976.79,bc1qzvfgzcqymleyvnve7ww7e6pthymuqvxvm6yq09,
2026-09-16,972429,f95b20f2adbbd5049bba23cba6f318fc388eded775de82f33281ba25dcc21c1c,neoxa,withdrawal,1.35220000,611.79,1JXe2cmDvaSDEYd78DEJnnCVewS1ZW6HRS,
2026-09-16,972429,6dc042606ca972548cd4572f0013c25bcb975a06e3b8e9fe02842586d3b88515,neoxa,withdrawal,1.00000000,452.44,bc1qt06936kdeepqm0t4j0fwzce6jkmpnnnwt9tfff,
2026-09-16,972429,34d4bcd70742a094fd2da73bda5129efa4cb876beff13ba487e58edd74c8fef7,neoxa,withdrawal,0.36867941,166.81,bc1qmz80sy63277uum6zt5uru62v2getfuk3f4q9qc,
2026-09-16,972430,897c17ab09efce781e047cf77e747d824cdaf5671cd0fca1537cfa8264ae1d70,neoxa,withdrawal,14.90631127,6744.21,bc1q43rqt0d6898mlzeuapg8de5p2qf685zzst47r8,
2026-09-16,972430,18bdebaa27496db6185c842083224df32a4d35f989dcd7fc1c38bd0b021f0534,neoxa,withdrawal,1.26547000,572.55,1DcyYyfWBYKR97KTaLvdwakg3HswGZu5Bw,
2026-09-16,972430,e9a743af3c3c3c73155f93faa452f0d76d148518b5afe96b5926b58af175a455,neoxa,withdrawal,0.30085734,136.12,1KJjj6k5R1jXRkPf7DsHHW7rfJF1TVKTKH,
2026-09-16,972430,773fad73019cb77b1566f078efe0cb4d5307a69ff804d2e9b149cad1d16ec396,neoxa,deposit,1.84550000,834.98,1NzLWrcGYQh6m2zyDcNJhG3iES22CM5Y9C,
2026-09-16,972431,f59d4d0bac478c0c10b8e2ab81bfc17b45534617de34b58a3f270e129d4df7e4,neoxa,withdrawal,1.98964619,900.2,15sSimR5ViML7myXbZoQfts7MhK2USAULU,
2026-09-16,972431,f59d4d0bac478c0c10b8e2ab81bfc17b45534617de34b58a3f270e129d4df7e4,neoxa,withdrawal,1.10000000,497.68,bc1qft6z3pfcup3jvfhdcqvdgc5q2p5ankyuqzlk87czf5gprjxsxxasxveg50,
2026-09-16,972431,87408ce4607d9b2491485b921f1068bb0d831419a15caa66623c54542dcd97e1,neoxa,withdrawal,1.48810000,673.28,bc1qt42s0w9aq8a3gqs02zppyqw390hekmcl3wg8mw,
2026-09-16,972431,e253e9df403b247debeaa28e5ac6e9dc7301894e7ac91571ef16252473b0516f,neoxa,deposit,0.99660000,450.9,143TvXSLDc1DmBWBjniCFhn9akg5MYp2Cq,
2026-09-16,972432,149731024ac840e570a10813e1fefd75cadbe040802f3c557cbc038d1e2070be,neoxa,withdrawal,27.37584046,12385.93,1KyuaqnNKVW4BVxdfrwKbwApBMe4tfoWpL,
2026-09-16,972432,149731024ac840e570a10813e1fefd75cadbe040802f3c557cbc038d1e2070be,neoxa,withdrawal,3.42057051,1547.6,bc1q5vw6qg6qd3ha0w4qn2tfskzx7tukrmgdfyhxs8mvwks6gt5a6m9qp7al99,
2026-09-16,972432,0ce21d47980864ca22ce81633d73d54053d5128c6f459fdba0c1a92aa42f6de8,neoxa,withdrawal,4.99763504,2261.13,bc1q4pschaxmat5ff0p4pr4gz6rwu8u9dg0rfqnkln,
2026-09-16,972432,0ce21d47980864ca22ce81633d73d54053d5128c6f459fdba0c1a92aa42f6de8,neoxa,withdrawal,0.68669656,310.69,13euWXsxYnWe6YYbfjbZMjKb3nGPxcZ4Xx,
2026-09-16,972432,99a6118e765cb86cd6a8ed87e872921c99fd097d3f4de8654f804aa7b9b3ebb7,neoxa,withdrawal,0.99990000,452.39,148ygFmgW1qMQKpoD5yGok76K3XMfQCgs6,
2026-09-16,972434,0ae8fd2fab48feace0a56c3e03effbe1d9e7d8494aa27011cfca3e6ff0f1cd27,neoxa,deposit,1.49527849,676.52,1GXrEh2rfBn7k9VpeHUaCscH5pVapfzpFc,
2026-09-16,972434,0ae8fd2fab48feace0a56c3e03effbe1d9e7d8494aa27011cfca3e6ff0f1cd27,neoxa,deposit,0.58266600,263.62,1GXrEh2rfBn7k9VpeHUaCscH5pVapfzpFc,
2026-09-16,972435,b50015fe94c624bc3cf8b758b28692f4bff2f6b740bd31a2c8c51ec0f21d3caf,neoxa,withdrawal,0.39604387,179.19,bc1q9zfhnptdl9phazu6y2uvyrt496wckmugmxvsex,
2026-09-16,972436,6a55533465f53210223f1b4dd316ec47a0091165e57fa0102d1a26e024bd41cb,neoxa,withdrawal,20.88241732,9448.04,bc1qa8ltmmvhrwjs5qjk5hls470jnaj9qpf4smthfu,
2026-09-16,972436,f73224784facf7214d940d35ba4e7181dfeb7e6c72c8996c18ecc685b1a47c92,neoxa,withdrawal,19.75888264,8939.71,bc1qzhdkcyzavp7tjenx9yxwyvqcn4tr5a0j3v4lzn,
2026-09-16,972436,6142b1687eb64bc4e0ca06de073541bfcc84a27f55dad0df95aa06d7d0922024,neoxa,withdrawal,6.00000000,2714.64,1Mm8NJiMKUxuSFZpvkV5X5VWVtRru5pYCJ,
2026-09-16,972436,a892e0c442575a6fcda1f0b140524f09c9b9da978af0fd44b7f5d0e597be15a7,neoxa,withdrawal,10.93240906,4946.26,1N2j39jUnvA8cX1eoS4JoX4CmG28imGnUQ,
2026-09-16,972436,a892e0c442575a6fcda1f0b140524f09c9b9da978af0fd44b7f5d0e597be15a7,neoxa,withdrawal,5.00000000,2262.2,1M7ZmXH6htPStgW8zaKGEzKQvoMd4bEFRb,
2026-09-16,972436,d1d209e277633fb4092ae7452230a1ab85159eae1e14b442f58c1ceaf9a1fc6a,neoxa,withdrawal,4.03158414,1824.05,bc1q4e5twdycf50pttmfytcr0ud46ykep8apk6m2uu,
2026-09-16,972436,d365b00880181d51867b41a810cdd345ccbc5e77d4283522c0bfda13652d493c,neoxa,deposit,43.49900263,19680.69,bc1qactqjuk4kghfgaqqt454hzzzs5lsaysunf80gh,
2026-09-16,972436,e7108054edc60745d0894421c4cf4d6453b6391e52b86928e672b4d259cac42d,neoxa,withdrawal,0.48839331,220.97,bc1q9ul45twp2wvnqzhlpmlp3kxh7m7ry2qxgfyjca,
2026-09-16,972436,2cab0de0970335de9e3f96d8773f5e4c0254ff292274abbd2c59e80aced16855,neoxa,withdrawal,0.50163426,226.96,bc1qdn8qzv2rmeajgvjtk2djzjmc8e6570rwp0vuun,
2026-09-16,972436,58e063e4e535fc2311d4d8b5e9d80c2948a0d54d77c172618f431e995f423b59,neoxa,withdrawal,0.46087588,208.52,1KJjj6k5R1jXRkPf7DsHHW7rfJF1TVKTKH,
2026-09-16,972438,13fd1b56d77246c351a0841007f256a915ddc3e78a27918172952230aa64433a,neoxa,withdrawal,14.31904547,6478.51,bc1q2ev9r5855thkh30c59cg5n3d853pkq6a33fu2v,
2026-09-16,972438,13fd1b56d77246c351a0841007f256a915ddc3e78a27918172952230aa64433a,neoxa,withdrawal,42.51460947,19235.31,1NF9MLtQD2x3X1Qip6BafqervFLf2xqpqr,
2026-09-16,972438,9296ea526e284d633a6af1209a7fc478742c42b9892ccc42139aea09d1636819,neoxa,deposit,2.87550000,1300.99,bc1q8k2j4zr79asrfcw5zace3gajza33rmv5rv67w2,
2026-09-16,972440,1e957db0df92c9a8ae0c03b652b9e1cd27846a4b266a6c21ad4e361a8859ad3a,neoxa,withdrawal,1.80580000,817.02,bc1qy2w6fh6rkh4fwdfj8m5pw9psg8uq9zfsdy655n,
2026-09-16,972440,1e957db0df92c9a8ae0c03b652b9e1cd27846a4b266a6c21ad4e361a8859ad3a,neoxa,withdrawal,611.06746526,276471.36,1P7kp2pSAvtsNZQaWZqmTvvrXvekJBy8fk,
2026-09-16,972440,c2c4741676c0aa18e4d6ca76a17efbed2072a3d763a42273f4bfb5974f24d1a1,neoxa,withdrawal,121.70018610,55062.03,17HGfDKqZrEdSPLp6DtnzqEdtdrA4wtPCt,
2026-09-16,972440,c2c4741676c0aa18e4d6ca76a17efbed2072a3d763a42273f4bfb5974f24d1a1,neoxa,withdrawal,100.49550650,45468.19,bc1q3kzw2juq0ezqevkl8lt9hygxavhy73nxjnvx7q,
2026-09-16,972440,355409dd62325a13ca7209dba33692d1e3c066a5b9207ff7dfbc6f94f767e876,neoxa,withdrawal,2.50000000,1131.1,1KNFY5fYCpv8UjaDoSFxRs36MoEFjJMbNE,
2026-09-16,972440,355409dd62325a13ca7209dba33692d1e3c066a5b9207ff7dfbc6f94f767e876,neoxa,withdrawal,76.04504894,34405.82,1KFeLVL18PmBABKtS8Z3rPJEYHUkjDwba3,
2026-09-16,972440,ae5776e1d761b9f0d34c868161e4e01545a512f9b627fc8bb74fa883527f4553,neoxa,deposit,2.53700775,1147.84,19vaNYFXArQzvXZQTT4KeAR1TfNyc38vZn,
2026-09-16,972440,87f44bc141c616522389ccd1a7cf6c9c6433ea12a0000e4f75f42817b354d020,neoxa,withdrawal,20.54103123,9293.58,1Kf12WMbFSZVF3b99Cy9ELi6xSHZknVMeT,
2026-09-16,972440,87f44bc141c616522389ccd1a7cf6c9c6433ea12a0000e4f75f42817b354d020,neoxa,withdrawal,15.99479110,7236.68,bc1qa3s434n36ech8fpl46q0n966esqwwgu5ur2qtm,
2026-09-16,972440,f0967b9e1adf201f8ba9bef3db25efe32993e0336d0388a7d41b6435f981122c,neoxa,deposit,2.06719065,935.28,1NBbvmjQr8xXnFR2hurwF7v5DexWPiDUN9,
2026-09-16,972440,8d58afe0f431ff9589137277fa449deb0586ce4eee49c4e7c83b3d71285de8fd,neoxa,withdrawal,18.88800000,8545.69,bc1qjx9c6uquc7dlwxle54d4wtfhlqcav6ea65prys,
2026-09-16,972440,e415e186a113e80f765f64a560ca3dfa5b0fa59c9e8ec3f5ed9acaedf8a54307,neoxa,withdrawal,2.56769787,1161.73,bc1qxg8m3wh42nunskljq699y5suq4qp62qq4r9gnr,
2026-09-16,972440,e415e186a113e80f765f64a560ca3dfa5b0fa59c9e8ec3f5ed9acaedf8a54307,neoxa,withdrawal,21.01828449,9509.51,1991TMrQiQ9JLJ66B4hnNnN1mKw4xmNjXY,
2026-09-16,972440,77ef49331872a155884c6b64a720f3e22167303a059ba8006f53f1d38535c88b,neoxa,withdrawal,3.99123926,1805.8,bc1q4cmen292jsddnrs3gte49m9qm48dty7pal2y39,
2026-09-16,972440,77ef49331872a155884c6b64a720f3e22167303a059ba8006f53f1d38535c88b,neoxa,withdrawal,4.80493433,2173.94,1e8bQfJfCREYCSBa9MPzecBJoEdMzV9oG,
2026-09-16,972440,d696658c01dd7c066e1f371bb28ec5fd189874bf53fad07be23560c60f342a56,neoxa,withdrawal,0.57920867,262.06,bc1qxg8m3wh42nunskljq699y5suq4qp62qq4r9gnr,
2026-09-16,972440,c81cf0e09deb8dfbf4d4a9c6adb409cc64e281c9bebc4b1068bc217bf6b93523,neoxa,withdrawal,1.42667380,645.48,bc1qpeyv963murlfz7ffhdu2zj44n23nz6dr0sgkky,
2026-09-16,972440,a875bfb947f7425763ecdbd6ac8bb23884ad0a75c316ad42b9175930dc064129,neoxa,withdrawal,2.11414546,956.52,bc1q3g6y3pzegupcj2sayv3htxet7ucedcx7fasuel,
2026-09-16,972440,a875bfb947f7425763ecdbd6ac8bb23884ad0a75c316ad42b9175930dc064129,neoxa,withdrawal,1.91433254,866.12,1HfN7oqcZUFMDvnf4JP5FacAwGgNBDMy5X,
2026-09-16,972440,e20fc75633177a2cdb38428348715b6bc0151ba699c83ef63fd1e55078140c4e,neoxa,withdrawal,2.00000000,904.88,bc1qvrgn3v4tn6a5eharyhve2d4ksk5dmr3ltvgdmy,
2026-09-16,972440,e20fc75633177a2cdb38428348715b6bc0151ba699c83ef63fd1e55078140c4e,neoxa,withdrawal,5.16828901,2338.34,1K3APSEauUzjZLjE4GScxwRQXyLETEWQUx,
2026-09-16,972440,55c629edcfa9a13c19882523134fea10bf6cc11dbd8b414048dcd8ab36ce1e62,neoxa,withdrawal,0.50000000,226.22,1LyhpP82pfpx59Ah7dSgHyUmAGCW7WY2RE,
2026-09-16,972440,2efe57c29941ba1e0ba4c8bf5f31d3b8f0b735d20663b1221f634404ced87fc9,neoxa,withdrawal,4.95047119,2239.79,bc1q88vwmdl23wt040xtwqexwhjp7j9wnkrwa7ayql,
2026-09-16,972440,2efe57c29941ba1e0ba4c8bf5f31d3b8f0b735d20663b1221f634404ced87fc9,neoxa,withdrawal,1.22426138,553.9,1LmxMxiEcmfyps9mk1tNYhXb5czBy83a1F,
2026-09-16,972443,9380558f8e6f91e7a46cf0fde6faf81b21b2956253fcaa444e999f416007bc92,neoxa,withdrawal,5.13344053,2322.57,bc1q6zqzwqywdgq686nzqsfr0728hjwwatqqkk7jq0,
2026-09-16,972443,984c63ac1a74c903642ce378aa78e1d492640fef69ffb313728deb1517f675b9,neoxa,withdrawal,5.00000000,2262.2,bc1qvrgn3v4tn6a5eharyhve2d4ksk5dmr3ltvgdmy,
2026-09-16,972444,cf77634862a36e6f229086786bf1cfee7b5ff1e21ee0518732bfc2f213c02a82,neoxa,withdrawal,0.26235422,118.7,bc1qhh33fq5fjzsjmeat5dakavqnjjpsnel0ju0a8s6y6qvk0y5apn2sk7nyut,
2026-09-16,972444,340276daf4241c33a702885c975ef0f657264501eb324c42b99edfe63bf338f0,neoxa,withdrawal,3.14954847,1424.98,bc1q9llfaeqvsts4duhu708kg5unvka7ss0ur8amca,
2026-09-16,972444,23f9fdc80cf22df2f26ab0dd5a03d9c71b999110176c4335bc04e3ca28242bd5,neoxa,deposit,0.49997482,226.21,bc1qu8hkxrnwyjyu2avnjy54cmfe6c9qxg39yqlcqz,
2026-09-16,972445,55d07391f6f97c78db0942d628d9b2f7333c9160148913b5dc1adacba2bac269,neoxa,withdrawal,0.86956376,393.43,bc1q3w6yukjyqr74mkzmr6afx6f40pyshymuxl3d9t,
2026-09-16,972445,55d07391f6f97c78db0942d628d9b2f7333c9160148913b5dc1adacba2bac269,neoxa,withdrawal,2.88577707,1305.64,1BQnQBUnor8UMne4SLY5fKGovNw2rjeUi7,
2026-09-16,972445,d496c2a924c8a0e596ced70df9c8c6553c837b28608e5f22baa6d2c237ed190e,neoxa,withdrawal,2.85285018,1290.74,bc1qvrgn3v4tn6a5eharyhve2d4ksk5dmr3ltvgdmy,
2026-09-16,972445,0dedbb25bc25c3678b9ef2ec43beb67c5774ad617c4a75c5ff2cc14abb73c509,neoxa,withdrawal,0.53399169,241.6,bc1q6s3zu8khc8p8wrzmvlu5jcnxx07u3vt64nl37d,
2026-09-16,972445,0dedbb25bc25c3678b9ef2ec43beb67c5774ad617c4a75c5ff2cc14abb73c509,neoxa,withdrawal,1.38055793,624.62,1LYYUD1SuCjWb9swdz3ooUUh2jnDHA2fBF,
2026-09-16,972445,33fd76605d6e568aa0dcada92fce4485d1db6a696f62e65c0e94bf52fd63dbc3,neoxa,withdrawal,3.28998941,1488.52,bc1qxaa2tmql9ptlrqlqk8k64p9v93t6muv098fsh0,
2026-09-16,972445,3d8bf45625e746ff875e6a76a84ab4c108b0892ebc9afe83b07f793e6e7621ab,neoxa,withdrawal,0.89544904,405.14,bc1qemnu2yexw5yucdyqk66ma9rn9satqtx58sgyq6,
2026-09-16,972447,5decfbc9afd6b3c3d5f9ae907953ad15db7b94cab106d7b91f20d9be286eb8b0,neoxa,withdrawal,217.88665487,98580.64,1HBB9zbCVutfZ71LB8Wb4RoMssXU7wL9yL,
2026-09-16,972447,5decfbc9afd6b3c3d5f9ae907953ad15db7b94cab106d7b91f20d9be286eb8b0,neoxa,withdrawal,2.99907232,1356.9,bc1qv5mnkjj6judc08hgxan5rwx6h37lkcehlw74s6nn73wn8ugsyrysjla4ke,
2026-09-16,972447,c8320def3a2e3eeb0600e482c2200e006440e042dee255edd62c197a8db2cd21,neoxa,withdrawal,32.49198760,14700.67,15zKe8nHp7GJBxJvsoWXR2TuEXHKwcbDDz,
2026-09-16,972447,c8320def3a2e3eeb0600e482c2200e006440e042dee255edd62c197a8db2cd21,neoxa,withdrawal,4.33591487,1961.74,bc1qvrgn3v4tn6a5eharyhve2d4ksk5dmr3ltvgdmy,
2026-09-16,972447,325ed088bd610daa17164dd498709758a472fdce93ba52d590d41c577fe22073,neoxa,withdrawal,2.57862449,1166.67,1JxyEoZdQ83qpGaQfNhWnNyWxexN7XmU8H,
2026-09-16,972447,325ed088bd610daa17164dd498709758a472fdce93ba52d590d41c577fe22073,neoxa,withdrawal,4.12300507,1865.41,bc1qxg8m3wh42nunskljq699y5suq4qp62qq4r9gnr,
2026-09-16,972447,8858e5c20a313559c4fc6850760de5f2ebc8b93655e3d9d190d17174203bfd81,neoxa,withdrawal,1.36039132,615.5,bc1q5dnykxg35rxasy0nhkjmzh9cwy7rk0acxvz00z,
2026-09-16,972447,bc2c034922a9844e0efafd25a57fae86459e6cffd3442e8673477ca9529d6040,neoxa,withdrawal,1.89335962,856.63,16TFsVhxjCwpZjvtUurnUZsWyDgXmTmnC8,
2026-09-16,972447,bc2c034922a9844e0efafd25a57fae86459e6cffd3442e8673477ca9529d6040,neoxa,withdrawal,1.25053156,565.79,bc1q2shney95lgfev2u98fpx2w39m43wq6tnyxgu33,
2026-09-16,972448,4de4859b95985e1cece0883a7b00c3360a586251da7a8b6bb3bbc40527b9e9ff,neoxa,withdrawal,149.61161301,67690.28,15hxQdw5gSAr3qmkbN6WU3iH5VRz4XvHQR,
2026-09-16,972448,4de4859b95985e1cece0883a7b00c3360a586251da7a8b6bb3bbc40527b9e9ff,neoxa,withdrawal,7.50000000,3393.3,1GxgEC5FPEKUQxMBzu4rbsCobJpJfVxeuz,
2026-09-16,972448,ac965464977e59270b5eda42010bd84ed32b8ebe23119dabc3d69d8bcd837dc3,neoxa,withdrawal,2.03231789,919.5,bc1qacuy2fmgrhwz2ydu8ftwcskdy20e8zzvljv43c,
2026-09-16,972448,ac965464977e59270b5eda42010bd84ed32b8ebe23119dabc3d69d8bcd837dc3,neoxa,withdrawal,2.89695957,1310.7,13wMvCsVAFU8HRveSmyUzxRH8nYfbdE8nR,
2026-09-16,972448,efc9b067a4ce89468b42884176a3c74a8bb6c319678be4ce54cb89d495977ef6,neoxa,withdrawal,1.24858828,564.91,14FBjNcEbMQqC3otxxwzwKLGSbha9yCKbP,
2026-09-16,972448,efc9b067a4ce89468b42884176a3c74a8bb6c319678be4ce54cb89d495977ef6,neoxa,withdrawal,2.51039556,1135.8,1BCoGTY3Z33JLw6HgwVDz33s6DbgEQ555X,
2026-09-16,972448,3c95cf1a205cf9359174c71ea710a811062c52a58c6d24392b3401d6b79ba196,neoxa,deposit,0.99800000,451.54,bc1qleg6ynfmmhyac45rd2kwyqcy6tkpzau47pspma,
2026-09-16,972448,ae720cac170a743fe7a9d69d37db3ef5be4576db0a82c7fb5bc09b23979f885c,neoxa,deposit,0.52453653,237.32,bc1qqme26fvym0sl2568g3wn8dytt280jyhs7ln7m3,
2026-09-16,972448,7b05f56672374bbe28fbd2ba562813fda81d13f8224668df1b6a850109bbef66,neoxa,deposit,0.39642029,179.36,bc1qxuzxk8n7dxwj52c75la94cu03467qhls5qqqwr,
2026-09-16,972448,2cda521808d16550f5e0cbbc520ff4b3c5c46f2382646c297e9fcca2a0ded8f7,neoxa,deposit,0.25489012,115.32,bc1qacqcyyfhv9tzgzcudpf4sg7gu75a6dnchpg9tw,
2026-09-16,972448,a180c09ace17c3d67c6b0e35be1bb23a9bd143ba34e608f9685aac66a08dfe64,neoxa,deposit,0.30266448,136.94,bc1qxuzxk8n7dxwj52c75la94cu03467qhls5qqqwr,
2026-09-16,972448,aebdff19301dd1c961cc6615c2d150819c5c15f409f82aeebd10a33447d0c6de,neoxa,deposit,0.39172245,177.23,bc1qqme26fvym0sl2568g3wn8dytt280jyhs7ln7m3,
2026-09-16,972449,f1eb7c29caa1fdb6add91d2aea156908cf9844d38df6b29254f998c0ee551812,neoxa,withdrawal,49.62635265,22452.95,bc1q47e8r6g0aak58jcf596jeed9j05j9r9qkuqztu,
2026-09-16,972449,a749c5a2f96ffcfcd3d96c8a063223cbf06d870a634f8c3fd50b0e5d103d5833,neoxa,withdrawal,1.32211162,598.18,bc1qclz75ds9g43m29skk666dtlh5jx4mjl45psvda,
2026-09-16,972449,a749c5a2f96ffcfcd3d96c8a063223cbf06d870a634f8c3fd50b0e5d103d5833,neoxa,withdrawal,22.39269815,10131.35,1PhjGFDXcskA9cbSABnfgtHjFS44NNcCcj,
2026-09-16,972449,dd841835580b92f791219d8e26c54e47b1ecdedbafd2b8077b5f65ce429c7bc8,neoxa,withdrawal,3.50801750,1587.17,bc1q7nmlrpc636cjpzz6qadslu3zesy5p25fw6328q,
2026-09-16,972449,ad2c2df065f55f833b587f22292a3a584ee9d53e6ec707ebcc81d23c578ede10,neoxa,deposit,1.31110000,593.19,bc1q3l9gfhh8675ltqn2elv9u2xe2u0js6z9w76x6y,
2026-09-16,972450,431cd575d94278f8941124c2f4dc7b730edb682d1f866f2e5578cad897381603,neoxa,withdrawal,4.81286042,2177.53,1KS72W6qVjWCGLAgPh4KhXVoqP4oYPBz9S,
2026-09-16,972450,431cd575d94278f8941124c2f4dc7b730edb682d1f866f2e5578cad897381603,neoxa,withdrawal,27.99897927,12667.86,1FGBzdUqQjPNtjYnEq2y9oh9tpYuQcrziW,
2026-09-16,972451,78fc6852bf51fa9b0a1b143195ecb5b4557234e78f2a9ef0afab094d99b364e2,neoxa,withdrawal,31.22391645,14126.95,12NYqgFbDn6Vt93UXVn4Ak4EBab4piGpcx,
2026-09-16,972451,78fc6852bf51fa9b0a1b143195ecb5b4557234e78f2a9ef0afab094d99b364e2,neoxa,withdrawal,16.96724942,7676.66,bc1qcs887r6m3ctdmce42ey9mc3grxt4rhq6w0ytyy,
2026-09-16,972451,d0e75475c900cae5872bf9b97b93e1a1c72607eac46562fd8f6c75c213c57f51,neoxa,withdrawal,2.26809089,1026.18,1CXCBN4x7m2pkiskTbKKNw4rUrWFwSG3wn,
2026-09-16,972451,6a67b7b0327ce0c4316d70ffe3e0a6d59a6ff5eeb09059c02e4cfe589e33b88c,neoxa,withdrawal,0.28379604,128.4,bc1q4kadnz7zhce2qre4tzw3el5djxyapfwsswtrh6,
2026-09-16,972452,57c3574880b2a8e059de51edacc4f9761c0504aa025bae073e4dcd5bfcfad57d,neoxa,withdrawal,0.79880242,361.41,bc1qu8ypx6ma33emdxvdz2jzvc8qxhymuxxa8tds8v,
2026-09-16,972452,57c3574880b2a8e059de51edacc4f9761c0504aa025bae073e4dcd5bfcfad57d,neoxa,withdrawal,76.07821025,34420.83,1Pg4qrfeKgkVtdZ15MkUj2jCSzuoZcSq2z,
2026-09-16,972452,07cdafb6cb1072a3583570d1f24199921dfffc6d3d571b20d5eb0064188d97d2,neoxa,withdrawal,0.50000000,226.22,13fKY2PeLjdGG735K2yUHx7Dx4LSpKVNxH,
2026-09-16,972452,82617128ba392454d4bf3436e464402477cb7773bd025dbdef6b6bed1d275038,neoxa,deposit,0.45271735,204.83,bc1qhcx9a7yej9vw8t82jzw9wuegd99jt9k38dduh3,
2026-09-16,972452,220ed12cfc8f3d98dd3f1ab1a2165741f37da29e51ae7b7fc2433a329a6e408b,neoxa,deposit,0.41508763,187.8,bc1q0ny46g4t923htz4jl4a34q6mhu5gn2x76dxrel,
2026-09-16,972454,9cad33d2723c859fc9c136b5b212ed05042a340713c39cd41eae3cdf68da1387,neoxa,withdrawal,9.07426630,4105.56,bc1qagafpggyu8yfqeymuxy8rvdtqj5w3h8gx748sx,
2026-09-16,972454,74010d3da7874d98a82077cef648b4cec8bded5753b4045a12ff2134231031d2,neoxa,withdrawal,0.72446183,327.78,1Kv2Uaic8RAd77hyoEyubjuH8LY4uXhPvz,
2026-09-16,972454,74010d3da7874d98a82077cef648b4cec8bded5753b4045a12ff2134231031d2,neoxa,withdrawal,3.22124403,1457.42,1JnsVqpwBmU8DuYMJs1t2yH5QCARoEU4Sb,
2026-09-16,972455,b15063244e13e9d08a3c3138dc18e7b59ded87d6162bc5ad1793d08974bacffc,neoxa,withdrawal,3.11753140,1410.5,bc1q3p5dpx6m893ymm68yp0w7u6fkywq6hhlj5fhgk,
2026-09-16,972455,b15063244e13e9d08a3c3138dc18e7b59ded87d6162bc5ad1793d08974bacffc,neoxa,withdrawal,1.63953051,741.79,1M5JkmwrH2JivDsnq6BbL7Hjbg9YptsUWN,
2026-09-16,972455,8f0ddeb94fbcf1be0797c16792408053be755ca155fae93f89df640f90f8d58d,neoxa,deposit,0.30766159,139.2,bc1qxuzxk8n7dxwj52c75la94cu03467qhls5qqqwr,
2026-09-16,972455,078afcd2e4e3820708839cc901b343de862a2d9c076e2cfc8fab3e58fea09ffd,neoxa,deposit,0.39063538,176.74,bc1qqme26fvym0sl2568g3wn8dytt280jyhs7ln7m3,
2026-09-16,972456,afdd444e5c6d9a628e9c0d4770df2167e2f739e62c6365fec6f33bf7f93f6abb,neoxa,withdrawal,1.33268877,602.96,bc1q4xc5x0nglhuvckkp27rut4zr0dtl2xmcg5nckk,
2026-09-16,972456,184224d7e7da90901edfdbff4a91009331e31509e78591a585ca29ff0072e705,neoxa,withdrawal,0.50000000,226.22,13fKY2PeLjdGG735K2yUHx7Dx4LSpKVNxH,
2026-09-16,972456,2f8a174a1b5ebcb1de13ce9e631af900b58d9e56a3fd1de3e0f60c01eeeb4e58,neoxa,withdrawal,0.85110067,385.07,1JZWozxV2dBZfpW9AGPLyzXWwvdwj5tsNn,
2026-09-16,972456,eeea144ce924afaba1e028089714823e365406aaf80a43a4cd081d340abc2be7,neoxa,withdrawal,6.16866964,2790.95,bc1qzjrggz9ty8qjz4ueppaztxqttrv5jjfuwzv6dk,
2026-09-16,972456,af9174af3e8c000da1994c2e57b491dde0144ec2502a76805f2592045e040e73,neoxa,withdrawal,1.09990000,497.64,bc1qk44hgjnzrhqm66fpc2909cxwg4awm3gvdvps38,
2026-09-16,972457,99a5d1e82e4bf89cf4d629e613353db92fd27a9d74884da05ee200a6c334a14c,neoxa,withdrawal,7.91189437,3579.66,bc1qznw7ynp90an9mmq4qr9mq0d807f30lzleqj4nr,
2026-09-16,972457,99be8c471c6a39f5b7f5185978ba85213f1488df48f0470367937c9470d9abda,neoxa,withdrawal,4.44780423,2012.36,bc1qy7nn5esvrl32z06fplyajcf54rlv9e7uleh6cj,
2026-09-16,972457,31fed54b8751495f309fc59b74b6abc65bafb8c0b75174f845c3374269711670,neoxa,withdrawal,1.00000000,452.44,bc1qkkeqw66epqgjuaucsqvyzl7kee96l0vgy8sruu,
2026-09-16,972457,6200a3f69da5a066691593d236f5a8ec7ea1af413b07a18c8b71ebfb23e39751,neoxa,withdrawal,1.00000000,452.44,bc1qnaxzjw9qkl92dtqymdd644k5tnvnvce4h0e3lg,
2026-09-16,972457,3364b094273c13e2e60ae13bc3d466b7e4afd67bf43bb454b296d33a11faac22,neoxa,deposit,1.40545283,635.88,bc1q03geac937p36zdggj4mpwwww0scmxm697j3exf,
2026-09-16,972457,3364b094273c13e2e60ae13bc3d466b7e4afd67bf43bb454b296d33a11faac22,neoxa,deposit,3.51071981,1588.39,bc1q03geac937p36zdggj4mpwwww0scmxm697j3exf,
2026-09-16,972457,d828261d64bee1fbc3a36368a314ffd764d95c460fdc42f847a62206ea0e6093,neoxa,deposit,2.50000000,1131.1,1DDdPfAWJ7rxbvnWbRgqJyXLn5FJ4LrXx,
2026-09-16,972459,e7f38f8730d0978c57a19c46b7986fcf873a96a5be6c59170602f8bd35a3c5ca,neoxa,withdrawal,73.48374413,33246.99,17zMKT6ix99D1YVn9zj4sznYet1STNEwrb,
2026-09-16,972459,e7f38f8730d0978c57a19c46b7986fcf873a96a5be6c59170602f8bd35a3c5ca,neoxa,withdrawal,1.63554385,739.99,bc1qvjh0y5y5xfuxmqag8rlmcvvtyeah9z5revflk7,
2026-09-16,972459,742a69e1d55da1ada32ed008df69ffd54021caf2b7a60c2e2979ecac6c29aaa2,neoxa,withdrawal,2.31770502,1048.62,bc1qwajhy5v9h389y9mpd56gn68lxhwlhg7v62vxkf,
2026-09-16,972459,ca37312c54cca95594df19d26698d9a0af6b96fd6e8e377da1760bf1ae4bc063,neoxa,withdrawal,1.55891586,705.32,1BHfmXnXmwdi6m38vnKoAJqCGKAZ21U9nk,
2026-09-16,972459,65c36e60a1899e01a653bac2150b84cb370d683ac91be5e7ff90c18936c424fb,neoxa,deposit,0.25344804,114.67,bc1qqme26fvym0sl2568g3wn8dytt280jyhs7ln7m3,
2026-09-16,972461,b9c0d7285c64dde77a60073162c488aa0eb62a938fb7b543854f1de671dd9530,neoxa,withdrawal,3.35326660,1517.15,bc1q5uypeu8khku0h2gs94sdw4hwglgq5casrrnnx4,
2026-09-16,972461,2cb80c8a8f232668212d557b60f4b8e3dfc6cc1d348dfb1bea4a19b186b0710d,neoxa,withdrawal,0.27000000,122.16,1QDERomAhuNfLdXaHxgzneDKftCgpwaXws,
2026-09-16,972461,1a4f687055aa19b32ac49100f19477cfa871a46efdd3a3f87891697ea7f871b2,neoxa,withdrawal,0.53941633,244.05,bc1qs3uyvhq4l44ak4jtczvvz4jqr029kj9k52t66k,
2026-09-16,972464,abe4258f85b407fc79b456f8bd2f694085b4ea455bcbaf2717dcbe746192cbb4,neoxa,deposit,4.50000000,1921.5,bc1qqga86e593zkk0wzy0f3a4az8hsnj9wsy62qsl6,
2026-09-16,972464,865a21f620ebe4521817d079ec63a7ffe3586c519197f8cec79ed0c486fa0c68,neoxa,withdrawal,2.09990000,896.66,bc1qdyuvqd73dht7vjcag9j8trzlywnfcgzyps7rmd,
2026-09-16,972464,865a21f620ebe4521817d079ec63a7ffe3586c519197f8cec79ed0c486fa0c68,neoxa,withdrawal,48.77689408,20827.73,1P19GKE9rpnSRVHTTWLBQXjJacYteQcSNE,
2026-09-16,972464,b1ef30abbf4d72ffa79130409c362b8033721134d239c00c8e9f49960f019dc2,neoxa,withdrawal,10.44608596,4460.48,bc1qcwf08066rmjywdrqd0c9y22dg7u48734vq2cgg,
2026-09-16,972464,b8721694399a4be2988154b4b1278a0f8ea5eea7f59e3648c4bb983152d5f64d,neoxa,withdrawal,1.24918099,533.4,bc1qkvhv959fy68y2tdllt6vmhnrnyvn2t2eu7acf6,
2026-09-16,972464,46dec6e7dfca222370ebc3d0cd49b12ba6678c6494fff2334d50760fea56e5e8,neoxa,withdrawal,0.98361058,420.0,bc1qn6afmjwae2ls30cmxlqsdvu4lejwsf82x46sr3,
2026-09-16,972464,403054bce0241ba6ce7a410f2f7bad606aaa97401a2aa1f623bdf7fe1345afc2,neoxa,deposit,1.44371930,616.47,bc1qvln2nyazrkcdjpdnxvjjqhc2uu6xa6v0t6p7cf,
2026-09-16,972465,8452c5b8e4ba5523d7b95b5766a52032cb3d1810301389c6a8f6bd530b44ef2b,neoxa,withdrawal,61.95060165,26452.91,1GwVbLbJnBVQUk1in4NP7B1WDXtQdxQsei,
2026-09-16,972465,8452c5b8e4ba5523d7b95b5766a52032cb3d1810301389c6a8f6bd530b44ef2b,neoxa,withdrawal,2.74322266,1171.36,bc1qd5ha5s46lnmtptdj6qadrmpgv6vn7athm50sfr,
2026-09-16,972465,36c45e7f786af3c3c4ff0a89f650320c3f52472607d1fb2ad2282dbe3e8eccdd,neoxa,withdrawal,54.15122455,23122.57,1DXX7Kzub48uu1iPCN3sKenYZwz8c1LmDK,
2026-09-16,972465,36c45e7f786af3c3c4ff0a89f650320c3f52472607d1fb2ad2282dbe3e8eccdd,neoxa,withdrawal,1.08686499,464.09,1KCXhMZD8qbAEahJJ4bkxTcMYktfh6cVhK,
2026-09-16,972465,b6e23f312a53b60db79145cd00dd18655380dd9d4c2ddcb69ea741b4886849c6,neoxa,withdrawal,1.45940001,623.16,bc1qhxsjs2qxqqqmu8xlytxrrayvhh47mgw3pwhdv0,
2026-09-16,972465,b6e23f312a53b60db79145cd00dd18655380dd9d4c2ddcb69ea741b4886849c6,neoxa,withdrawal,128.39860466,54826.2,1uoQqhkifuSQbvamTq69uYwrdXNr9karZ,
2026-09-16,972465,32445e30126fa8852e0b6e847e29f09b3276abc61d6a624138902e182165e98d,neoxa,withdrawal,19.11097680,8160.39,bc1q938r39lqh5447pl0kg8djkdu4r9tndg6svehsw,
2026-09-16,972466,ed67cb88486bc81e654d6486710f59c6b37f1507c1b0ef4b04d1cb740429a4b0,neoxa,withdrawal,5.76749926,2462.72,bc1qj8ne4lephq6tv7r7kl444n49zexzr8uj0g4k8v,
2026-09-16,972466,234f34383075a5187eb83be011de74e99c7c4005fa5346574aed404f3f59a109,neoxa,withdrawal,2.18018106,930.94,15YSr22SjSj6PMdkTN5bsKUYtoyR6RMJ6S,
2026-09-16,972466,234f34383075a5187eb83be011de74e99c7c4005fa5346574aed404f3f59a109,neoxa,withdrawal,1.30408833,556.85,148iZQv7a6w5urWd4T5Xp5BNg2RofuRWko,
2026-09-16,972466,020b4b15055dc3c09847c51df3be0634817913c5cffb238b794860a9a1557e0d,neoxa,withdrawal,1.13079931,482.85,13fKY2PeLjdGG735K2yUHx7Dx4LSpKVNxH,
2026-09-16,972467,5db2733e1f1c8a4645eb340bd4d6feb7fe6bafbce5da3e15d4b17515ff02251d,neoxa,deposit,0.38520813,164.48,bc1qqme26fvym0sl2568g3wn8dytt280jyhs7ln7m3,
2026-09-16,972467,7ae8664845b5a7b0ac35d417f8eeb87943a7c5bec0a93cb262e10a3c1063049f,neoxa,deposit,0.29656681,126.63,bc1qxuzxk8n7dxwj52c75la94cu03467qhls5qqqwr,
2026-09-16,972469,418e1af79d6655ab9efc87323af4bb89b66536bba24626ee0ff5a8513762a389,neoxa,withdrawal,80.12644367,34213.99,bc1qerz3dnk9e48hkdgc3tmat7zya2ezsk7w5mgkx5,
2026-09-16,972469,418e1af79d6655ab9efc87323af4bb89b66536bba24626ee0ff5a8513762a389,neoxa,withdrawal,22.56578503,9635.59,1Bou9zD38uaeqKCGw4NPuA7s7dZPTnVnUh,
2026-09-16,972469,10a90fd4b24e43f076426d252dc4102ace3f2e28bbbc442374eef9fe20e998e6,neoxa,deposit,0.60737693,259.35,bc1pvfnnm6trtq9ewpzz2nlt5vvfacply94mcd93x69la9fxxytclhgsyz9uxf,
2026-09-16,972469,fe6433f511a39661c4caa91d6d4ae3ed174f21c2c63ef9ca84c9f84b74f0e5c9,neoxa,withdrawal,2.54189914,1085.39,148iZQv7a6w5urWd4T5Xp5BNg2RofuRWko,
2026-09-16,972469,fe6433f511a39661c4caa91d6d4ae3ed174f21c2c63ef9ca84c9f84b74f0e5c9,neoxa,withdrawal,7.20243480,3075.44,1CurPiuo45DcXQnxX1BfKywAcqyNhDEYNS,
2026-09-16,972469,4b862aa64921ee73967de3732124ef7fc3cb302ca74949393ddcb03db307ef88,neoxa,withdrawal,2.86757889,1224.46,1PwHDvnoiC7qdHdDrTSBYmNxdXuwwLJZ3F,
2026-09-16,972469,4b862aa64921ee73967de3732124ef7fc3cb302ca74949393ddcb03db307ef88,neoxa,withdrawal,0.44780000,191.21,1Q77EEutEN9QVuE5ierBQNxAQre8pB8Ba,
2026-09-16,972471,c39c7cb816ae3969b019bda152b4230318720c248c04c298212e371489428b27,neoxa,withdrawal,2.70672311,1155.77,bc1qxktflcn7n3404udct32pxt24kr0ccdqfmyjms0,
2026-09-16,972471,39c87da5384a1e53313c57f92f8beb292acec9536ff5eaa5689062abd991fc4a,neoxa,withdrawal,4.49980000,1921.41,bc1q3a739jfad7re9u5md6mf6afhrkgaxstey30p8d,
2026-09-16,972471,6a34b239682f4e3cf4092b87fd3e8f351ace151256cb55b69600dbf6b0aaafa9,neoxa,withdrawal,13.81241468,5897.9,bc1qc5j2hhj6uatkxagjrwlzz84ajg6sprplg2djfz,
2026-09-16,972471,3adac780b8dfe836d39c3978158d65cf2f10989ad38da62036664499c903b276,neoxa,withdrawal,4.02376668,1718.15,12F7gBYoHPmt6GKzx57wdBN576mc3H4xr9,
2026-09-16,972471,3adac780b8dfe836d39c3978158d65cf2f10989ad38da62036664499c903b276,neoxa,withdrawal,0.58202872,248.53,13fKY2PeLjdGG735K2yUHx7Dx4LSpKVNxH,
2026-09-16,972471,496e95cd9953b0d690b1708798a320d3ea1f13d1584569cf943f2d5ff8798ecb,neoxa,withdrawal,0.50000000,213.5,bc1q3a739jfad7re9u5md6mf6afhrkgaxstey30p8d,
2026-09-16,972471,496e95cd9953b0d690b1708798a320d3ea1f13d1584569cf943f2d5ff8798ecb,neoxa,withdrawal,4.76106213,2032.97,19iY3dEXUJRLE5hFBBHEtNEWXDh1X58TBR,
2026-09-16,972471,cb6f5cff7f9997e00b0321bb886ee1857dffca6803d28d0a5dd6becf2c2ac3d8,neoxa,withdrawal,1.00000000,427.0,bc1q5axetnj4hfs80m556qtfel9emkk620k298n54r,
2026-09-16,972472,8fa31cac2ee4f08b248d7fe2a624009b1ca611d7064745d3ffbffca471a2c991,neoxa,withdrawal,0.32599692,139.2,1GtevsssMPhJaR5hcM9hkvysdSmvDsTGsn,
2026-09-16,972472,c385c643e4ee9c7e74f0e136ad229b75412be4f321dc787dce4da2fe2ddd725f,neoxa,withdrawal,0.80845547,345.21,bc1qxjp8f3w2l6qddtx5z5mmk43qme3q8xzuvjvcxw,
2026-09-16,972472,b1566266aba83b0b0d39f954d78f45c3d8b240abf067e537778a0eaa745b5ebe,neoxa,withdrawal,0.58418632,249.45,bc1q3a739jfad7re9u5md6mf6afhrkgaxstey30p8d,
2026-09-16,972472,f2ebc2056bda57392238a52b9c75360c32643f24e1f7705ee25a0bd8bea5fb03,neoxa,deposit,16.00000000,6832.0,bc1qwqdv6vdypqlfy0yhdagfuvycvhllugzmg7zjn9,
2026-09-16,972473,8d69d680a3ae0879776c055244cfb4be8b9c8a730abd47340cf1a45c23bf93e1,neoxa,deposit,0.25827294,110.28,bc1qqme26fvym0sl2568g3wn8dytt280jyhs7ln7m3,
2026-09-16,972475,83ddbb243fb56040b94dc5f08b2d95ad3cb259dd131d64d501096d37be3f028c,neoxa,withdrawal,20.29550699,8666.18,1kCaXFBGbr7W5CEwKyayK3dUkbfAe4MxC,
2026-09-16,972475,6ada929a6bbb68ac820d0e3ec9cbaf98dd7ca5165b229b134014600c3a5fca59,neoxa,withdrawal,3.00000000,1281.0,bc1qdyuvqd73dht7vjcag9j8trzlywnfcgzyps7rmd,
2026-09-16,972475,a048ea95a26fad10fae2941b5e439527d123ce90d8c4117e0131d959528c30e4,neoxa,withdrawal,2.12623073,907.9,15LBpVJcEjAUfMuWAPfGKpobp3fiCGZkFD,
2026-09-16,972475,f2b4f22f5b436ec1a380737f528c3fa059702d77774dd75a96d78ddd500d2ea8,neoxa,withdrawal,4.02146854,1717.17,bc1qwkyrh63t7xwd034w7c64pjmjw7pevg9m4kxpsj,
2026-09-16,972475,f2b4f22f5b436ec1a380737f528c3fa059702d77774dd75a96d78ddd500d2ea8,neoxa,withdrawal,1.27507537,544.46,1GvbBjVyf1M6W7DCoEQzuNPxGCGUnEhder,
2026-09-16,972476,2116ce99cd9c0ca9461e01181ab8ff1afc087e40023442f589f84fdcafc4baa5,neoxa,withdrawal,0.39304059,167.83,1AmY8xHDxBYGFPwUo1FjWkqR4Wa519Z8jr,
2026-09-16,972478,e57b94d7c7c7996c5ceac0a0909bbcb5f5ed05511fb754a15029944932244784,neoxa,deposit,0.50000000,213.5,1KyKNBHwDkfv3UKBzzVgSQZWhqejRCz6yw,
2026-09-16,972478,5544b8531e2a2f0ea6d1822bb004028e37f4c3f5bff0802ee29334fc672d73ff,neoxa,withdrawal,0.49736021,212.37,bc1qu644mkfnzszqx9d48dmyfn4dycsu8huunq32wn,
2026-09-16,972478,5544b8531e2a2f0ea6d1822bb004028e37f4c3f5bff0802ee29334fc672d73ff,neoxa,withdrawal,1.21744917,519.85,1FQdjXNBEKEEkAPAVnq4kpAWLxbASi8DaL,
2026-09-16,972479,d261bbb76767280bb99908872a3d3cfaa5213bc0596faa49adb0fc8e73c1e50d,neoxa,withdrawal,0.87051862,371.71,13Dogsd6o6cXYBCV14HvSpZQmjkq2rjfdB,
2026-09-16,972479,d261bbb76767280bb99908872a3d3cfaa5213bc0596faa49adb0fc8e73c1e50d,neoxa,withdrawal,1.00000000,427.0,bc1q3agfs3t83nycc49u58l2zsk9zutcj74xdwc5jp,
2026-09-16,972480,71ab4f71faed6202a0cd4dccc4fc75bbd5f3cfc49d2e549466eb9f133b2bed46,neoxa,withdrawal,2.10450387,898.62,1D9fj7uVDhjxAuUrb7W93nBuAxAJv3BHd4,
2026-09-16,972480,71ab4f71faed6202a0cd4dccc4fc75bbd5f3cfc49d2e549466eb9f133b2bed46,neoxa,withdrawal,3.00000000,1281.0,1JZWozxV2dBZfpW9AGPLyzXWwvdwj5tsNn,
2026-09-16,972481,a83ae18643544d13d9f9afc6d5217c86b604638eaa33c8887dd4857db09d5656,neoxa,deposit,50.00000000,21350.0,3QvtQ9wKyfp22Z9anPUoHKBuCew4kdcAZt,
2026-09-16,972481,8280cff906d8a891f06c26d476cef8a173ca67af7e5602c7abf0dd443bc4a22b,neoxa,deposit,2.00000000,854.0,1KyKNBHwDkfv3UKBzzVgSQZWhqejRCz6yw,
2026-09-16,972481,a3280f74bc1de4b1c17ce9ff7a2f72cb1b136d2b2931c4f5bf69e60eed76709c,neoxa,deposit,1.00000000,427.0,1KyKNBHwDkfv3UKBzzVgSQZWhqejRCz6yw,
2026-09-16,972481,46a7117b461f48cfc56306203d13c73c78ea8f44699e47193bbfd2afca7f5374,neoxa,withdrawal,0.87468686,373.49,1JESY11hpQWZaDHi3Lemqzipxn9zWMqngJ,
2026-09-16,972481,fddb56e8a1daad8d6fd83ae680344f0d9d46bb1fce273a6ebf67042f460bf18f,neoxa,withdrawal,0.42110049,179.81,1PkCLzDa6Vuqb7Ydq3zvsxcJhaJDiW1aUy,
2026-09-16,972483,370bef9c37258e3c81588c66144bffe0fa0fe356420572e4c45441b30beedfae,neoxa,withdrawal,24.47353764,10450.2,1MPMyV9Nf4XBX9HtAb2v4cX7fjTw8f8Qk8,
2026-09-16,972483,370bef9c37258e3c81588c66144bffe0fa0fe356420572e4c45441b30beedfae,neoxa,withdrawal,4.33695057,1851.88,1JZWozxV2dBZfpW9AGPLyzXWwvdwj5tsNn,
2026-09-16,972483,0b298700b89a006635b1aedee3bca9d9242435eadb327bc57fbed208d9ad5abd,neoxa,deposit,0.80478367,343.64,bc1q8k2j4zr79asrfcw5zace3gajza33rmv5rv67w2,
2026-09-16,972485,f7fb0e9ff30a0e7dfbe4ddcfb2cbcbef48307083765a91518d621665fd76eec1,neoxa,withdrawal,1.04876567,447.82,19X1oyAkZBn3RhqTh2bXbCGyeg18Bwv1tW,
2026-09-16,972485,f7fb0e9ff30a0e7dfbe4ddcfb2cbcbef48307083765a91518d621665fd76eec1,neoxa,withdrawal,0.77578360,331.26,bc1qt3zj20zsqf5z4fe6tg8w9exzglncq4cmrdmkhq,
2026-09-16,972485,4bf3e5aea193e136b8b5545833d2d95b09b13151d337c114d639660ab80eee6a,neoxa,deposit,2.12040000,905.41,bc1q8k2j4zr79asrfcw5zace3gajza33rmv5rv67w2,
2026-09-16,972485,6d89d1bb0765035db6fc6c961a5a589a8b9c243d89a361ce126299799b728647,neoxa,withdrawal,0.36021793,153.81,bc1qx24uamjhnshunzwx48qx0f59u6gh0v73hw4hx2,
2026-09-16,972486,8a7a36a6264324257e5e93ab260423f8bddba5c737d696944d37d7e2e609a484,neoxa,withdrawal,45.20369313,19301.98,bc1qmjhdaguah4kykqzc6xeugxl43gc4h8mz2yez90,
2026-09-16,972486,10b3d24aebddc552796eee8d4987c6cba1b2f900ccd41bcbdbdedbd3ddf8d151,neoxa,withdrawal,1.00000000,427.0,bc1qmjhdaguah4kykqzc6xeugxl43gc4h8mz2yez90,
2026-09-16,972486,83775ab02e08dacae509f636ec9422d403e76cc2f9c8668e96968857a6c4b963,neoxa,withdrawal,26.13379286,11159.13,1FsG2J6AMTaDvv72L5cQDhpRfv5TGnvRw8,
2026-09-16,972486,37eed9d89d8cc08b7198c6f5d67e1763d841db29116074b1cbad4156324ea1e8,neoxa,deposit,0.57629222,246.08,bc1q6s3t7c47ygjdpraaqn49s68zz43k6dpz3x7e8f,
2026-09-16,972486,12d232c71c901236c5a41cc825b87268f6eebc00d32f43a8e4107d273d4906c2,neoxa,withdrawal,2.17041922,926.77,bc1q7ufxl04gjerggvpapu4elxjutqnv9nev08n2x3,
2026-09-16,972488,09104807b499de0d989f0725c84e4800ead909e967e6c58d4cbf1f9a8ae15547,neoxa,withdrawal,2.17052340,926.81,bc1qj8ne4lephq6tv7r7kl444n49zexzr8uj0g4k8v,
2026-09-16,972488,09104807b499de0d989f0725c84e4800ead909e967e6c58d4cbf1f9a8ae15547,neoxa,withdrawal,98.12570128,41899.67,16q8pNWY1ozn9FBKcUjcyhv8XFEauiWAQn,
2026-09-16,972488,089320a3ecaf5771ee49c0e8a296d38be457fdf7b80be0d176c348a57b5220bf,neoxa,withdrawal,1.95301710,833.94,bc1qmjhdaguah4kykqzc6xeugxl43gc4h8mz2yez90,
2026-09-16,972489,c7f0f415545d89913c7c52296b8faec9cf9265ae627254afd43eb456eeb06e13,neoxa,deposit,3.20489733,1368.49,1Aa1w6ppabR4XZRFA44XYf6n1e11aQcKE3,
2026-09-16,972489,3c3ad653675e9a550037e290307a06c6f69f2a90e47dab0f1763ba3d0e36a633,neoxa,deposit,0.89630198,382.72,1DALBUDpe19qhN1XNGpAZKYLdvgorsHEPE,
2026-09-16,972489,3c3ad653675e9a550037e290307a06c6f69f2a90e47dab0f1763ba3d0e36a633,neoxa,deposit,2.36312536,1009.05,1DALBUDpe19qhN1XNGpAZKYLdvgorsHEPE,
2026-09-16,972493,a9fb27a1160d00798d4c445dc7a29a6c420dbfb1e900c8a3b5a0156cf221941a,neoxa,deposit,4.00000000,2004.52,bc1q6zsf4x2a0f394aww0n39r0peqzkvmuf2uv4xtm,
2026-09-16,972493,5d300e3b467a7d404a1b6d71a09d5684fd56b5edd6dee160eec5b6ba5f83508a,neoxa,withdrawal,2.33685940,1171.07,1NYnx5zv3qL2pHhFhwZyNvAhF3jAVTWKgy,
2026-09-16,972493,5d300e3b467a7d404a1b6d71a09d5684fd56b5edd6dee160eec5b6ba5f83508a,neoxa,withdrawal,0.91005988,456.06,bc1ql0z8pt9w2lll0gfmz8urmrpsfdwafepcea67kz,
2026-09-16,972493,cc8e03416440c31a06dc102e927d9f966aafabf1b446df3052a7848f27a48220,neoxa,withdrawal,1.15381432,578.21,1DUbYQE3fF44gKiuLSXyiwz1wXfo4fXqcn,
2026-09-16,972493,cc8e03416440c31a06dc102e927d9f966aafabf1b446df3052a7848f27a48220,neoxa,withdrawal,8.79621875,4408.05,bc1qasdjq52qd2fhgc932tx73hmvnnxftya00ncrrc,
2026-09-16,972494,1d3c7f2ed951429264d3667d748b6d90379aff4bbc01a1dab4a5f8f3fe2c1a36,neoxa,withdrawal,2.31628117,1160.76,bc1qevsuvnp6j658h6xpvmfqu9upq0cp3r8yys6m9elp2e5ecwpc4jysnlre96,
2026-09-16,972494,1d3c7f2ed951429264d3667d748b6d90379aff4bbc01a1dab4a5f8f3fe2c1a36,neoxa,withdrawal,82.10167651,41143.61,1jEH4ngsPc7WL82DzvHtCSd3ZpJVnUtqV,
2026-09-16,972494,b74e5758b29902c0412293a441743c02eb40a719b5c1a96ba10f089d3f630d7b,neoxa,withdrawal,44.47406744,22287.29,bc1qzq4d2gs45satu5t560lr9urqzwz60552g3asvc,
2026-09-16,972495,1f6fffb81f17417e0533d9d9d6bda7940f9ca4fcbea8be07157405979f338cd4,neoxa,withdrawal,4.38224743,2196.08,bc1qawk7hfcdml5jh758rej8zr2dse8uldgwqe0gs2,
